ISIN,Lender,Eligible Percentage,Security Category,Instrument Type,Security/Scheme Name,Scheme Type
INF277K010A2,Choice Finserv,40,A,Mutual Fund,TATA INDIA CONSUMER FUND REGULAR PLAN GROWTH,Equity
INF277K010U0,Choice Finserv,60,B,Mutual Fund,Tata Treasury Advantage Fund-Regular Plan - Growth Option,Debt
INF277K010V8,Choice Finserv,60,C,Mutual Fund,Tata Corporate Bond Fund Segregated Portfolio 1  Regular Plan ,Debt
INF277K011U8,Choice Finserv,60,D,Mutual Fund,Tata Treasury Advantage Fund Segregated Portfolio 1 Regular Plan - Daily Payout of IDCW Option,Debt
INF277K011W4,Choice Finserv,60,A,Mutual Fund,Tata Corporate Bond Fund Segregated Portfolio 1  Regular Plan - Daily Payout of  Income Distribution cum capital withdrawal option ,Debt
INF277K012U6,Choice Finserv,60,B,Mutual Fund,Tata Treasury Advantage Fund Segregated Portfolio 1 Regular Plan - Weekly Payout of IDCW Option,Debt
INF277K012V4,Choice Finserv,60,C,Mutual Fund,Tata Corporate Bond Fund Segregated Portfolio 1  Regular Plan - Monthly Payout of Income Distribution cum capital withdrawal option,Debt
INF277K013V2,Choice Finserv,60,D,Mutual Fund,Tata Corporate Bond Fund - Direct Plan -Growth (Segregated Portfolio 1),Debt
INF277K019U1,Choice Finserv,60,A,Mutual Fund,Tata Corporate Bond Fund -Regular Plan-Growth(Segregated Portfolio 1),Debt
INF277K014V0,Choice Finserv,60,B,Mutual Fund,Tata Corporate Bond Fund Segregated Portfolio 1  Direct Plan - Daily Payout of Income Distribution cum capital withdrawal option,Debt
INF277K019V9,Choice Finserv,60,C,Mutual Fund,Tata Medium Term Fund -Direct Plan -Growth (Segregated Portfolio 1),Debt
INF277K017V3,Choice Finserv,60,D,Mutual Fund,Tata Medium Term Fund -Regular Plan - Growth (Segregated Portfolio 1),Debt
INF277K018V1,Choice Finserv,60,A,Mutual Fund,Tata Medium Term Fund- Segregated Portfolio 1 Regular Plan - Payout of IDCW Option,Debt
INF277K015U9,Choice Finserv,60,B,Mutual Fund,Tata Treasury Advantage Fund- Direct Plan -Growth Option (Segregated Portfolio 1),Debt
INF277K016U7,Choice Finserv,60,C,Mutual Fund,Tata Treasury Advantage Fund Segregated Portfolio 1 Direct Plan - Daily Payout of IDCWOption,Debt
INF277K018U3,Choice Finserv,60,D,Mutual Fund,Tata Treasury Advantage Fund Segregated Portfolio 1 Direct Plan - Periodic Payout of IDCW Option,Debt
INF277K017U5,Choice Finserv,60,A,Mutual Fund,Tata Treasury Advantage Fund Segregated Portfolio 1 Direct Plan - Weekly Payout of IDCW Option,Debt
INF277K014U2,Choice Finserv,60,B,Mutual Fund,Tata Treasury Advantage Fund Segregated Portfolio 1 Regular Plan - Periodic Payout of IDCW Option,Debt
INF277K012W2,Choice Finserv,60,C,Mutual Fund,Tata Treasury Advantage Fund-Dir Div-W SP 1,Debt
INF277K013U4,Choice Finserv,60,D,Mutual Fund,Tata Treasury Advantage Fund Segregated Portfolio 1 Regular Plan - Weekly Payout,Debt
INF277K013W0,Choice Finserv,60,A,Mutual Fund,Tata Treasury Advantage Fund Segregated Portfolio 1 Direct Plan - Periodic Payout of IDCW Option,Debt
INF277K014W8,Choice Finserv,60,B,Mutual Fund,Tata Corporate Bond Fund Segregated Portfolio 1  Regular Plan - Weekly Payout of  Income Distribution cum capital withdrawal option,Debt
INF277K015W5,Choice Finserv,60,C,Mutual Fund,Tata Corporate Bond Fund Segregated Portfolio 1  Regular Plan - Monthly Payout of Income Distribution cum capital withdrawal option,Debt
INF277K016W3,Choice Finserv,60,D,Mutual Fund,Tata Corporate Bond Fund Segregated Portfolio 1  Direct Plan - Weekly Payout of Income Distribution cum capital withdrawal option,Debt
INF277K017W1,Choice Finserv,60,A,Mutual Fund,Tata Corporate Bond Fund Segregated Portfolio 1  Direct Plan - Monthly Payout of Income Distribution cum capital withdrawal option,Debt
INF277K018W9,Choice Finserv,60,B,Mutual Fund,Tata Medium Term Fund- Segregated Portfolio 1 Regular Plan - Payout of IDCW Option,Debt
INF277K019W7,Choice Finserv,60,C,Mutual Fund,Tata Medium Term Fund- Segregated Portfolio 1 Direct Plan - Payout of IDCW option,Debt
INF277K01MT9,Choice Finserv,60,D,Mutual Fund,Tata Dynamic Bond- Direct Plan - Payout of IDCW Option,Debt
INF277K01DE0,Choice Finserv,60,A,Mutual Fund,Tata Dynamic Bond Fund- Regular Plan - Payout of IDCW Option,Debt
INF277K01EF5,Choice Finserv,40,B,Mutual Fund,Tata Equity Savings Fund- Regular Plan - Periodic Payout of IDCW Option,Equity
INF277K01EE8,Choice Finserv,40,C,Mutual Fund,TATA Equity Savings Fund- Regular Plan -Monthly Payout of IDCW option,Equity
INF277K01QI3,Choice Finserv,40,D,Mutual Fund,Tata Equity Savings Fund-Direct Plan - Monthly Payout of IDCW Option,Equity
INF277K01QK9,Choice Finserv,40,A,Mutual Fund,Tata Equity Savings Fund-Direct Plan - Periodic Payout of IDCWS Option,Equity
INF277K01OV1,Choice Finserv,60,B,Mutual Fund,Tata Gilt Securities Fund - Direct Plan - Payout of IDCW Option,Debt
INF277K01DN1,Choice Finserv,60,C,Mutual Fund,Tata Gilt Securities Fund - Regular Plan - Payout of IDCW Option,Debt
INF277K01PC8,Choice Finserv,60,D,Mutual Fund,TATA Income Fund Direct Plan - Periodic Payout of Income Distribution cum capital withdrawal option ,Debt
INF277K01DT8,Choice Finserv,60,A,Mutual Fund,Tata Income Fund- Regular Plan - Periodic Payout of IDCW Option,Debt
INF277K01DU6,Choice Finserv,60,B,Mutual Fund,Tata Income Fund-Regular Plan - Half Yearly Payout of IDCW Option,Debt
INF277K01PG9,Choice Finserv,60,C,Mutual Fund,Tata Medium Term Fund- Direct Plan - Payout of IDCW Option,Debt
INF277K01DW2,Choice Finserv,60,D,Mutual Fund,Tata Medium Term Fund- Regular Plan - Payout of IDCW option,Debt
INF277K015R5,Choice Finserv,60,A,Mutual Fund,Tata Nifty Exchange Traded Fund,Debt
INF277K010X4,Choice Finserv,40,B,Mutual Fund,Tata Nifty Private Bank Exchange Traded Fund,Equity
INF277K016B7,Choice Finserv,40,C,Mutual Fund,TATA Resources & Energy Fund Direct Plan - Payout of Income Distribution cum capital withdrawal option ,Equity
INF277K013B4,Choice Finserv,40,D,Mutual Fund,TATA Resources & Energy Fund Regular Plan - Payout of Income Distribution cum capital withdrawal option ,Equity
INF277K01AJ5,Choice Finserv,40,A,Mutual Fund,Tata Young Citizens' Fund -Regular Plan-Growth Option,Equity
INF277K01QW4,Choice Finserv,40,B,Mutual Fund,Tata Young Citizens' Fund-Direct Plan-Growth Option,Equity
INF277K01QP8,Choice Finserv,60,C,Mutual Fund,Tata Short Term Bond Fund Direct Plan - Monthly Payout of IDCW Option,Debt
INF277K01P38,Choice Finserv,60,D,Mutual Fund,Tata Short Term Bond Fund- Direct Plan - Periodic Payout of IDCW Option,Debt
INF277K01EI9,Choice Finserv,60,A,Mutual Fund,Tata Short Term Bond Fund- Regular Plan - Monthly Payout of IDCW Option,Debt
INF277K01P12,Choice Finserv,60,B,Mutual Fund,Tata Short Term Bond Fund- Regular Plan - Periodic Payout of IDCW Option,Debt
INF277K01OL2,Choice Finserv,60,C,Mutual Fund,Tata Treasury Advantage Fund Direct Plan - Periodic Payout of IDCW Option,Debt
INF277K019B1,Choice Finserv,60,D,Mutual Fund,Tata Treasury Advantage Fund Direct Plan - Weekly Payout of IDCW Option,Debt
INF277K01MC5,Choice Finserv,60,A,Mutual Fund,Tata Treasury Advantage Fund Regular Plan - Periodic Payout of IDCW Option,Debt
INF277K014X6,Choice Finserv,60,B,Mutual Fund,TATA BANKING AND PSU DEBT FUND - DIRECT PLAN-IDCW PAYOUT,Debt
INF277K012X0,Choice Finserv,60,C,Mutual Fund,TATA BANKING AND PSU DEBT FUND - REGULAR PLAN-IDCW PAYOUT,Debt
INF277K015X3,Choice Finserv,60,D,Mutual Fund,TATA BANKING AND PSU DEBT FUND DIRECT PLAN GROWTH,Debt
INF277K011X2,Choice Finserv,60,A,Mutual Fund,TATA BANKING AND PSU DEBT FUND REGULAR PLAN GROWTH,Debt
INF277K01MU7,Choice Finserv,60,B,Mutual Fund,TATA DYNAMIC BOND FUND DIRECT PLAN - IDCW PAYOUT,Debt
INF277K01MV5,Choice Finserv,60,C,Mutual Fund,TATA DYNAMIC BOND FUND DIRECT PLAN GROWTH,Debt
INF277K01352,Choice Finserv,60,D,Mutual Fund,TATA DYNAMIC BOND FUND REGULAR PLAN - IDCW REINVESTMENT,Debt
INF277K01360,Choice Finserv,60,A,Mutual Fund,TATA DYNAMIC BOND FUND REGULAR PLAN GROWTH,Debt
INF277K01OW9,Choice Finserv,60,B,Mutual Fund,TATA GILT SECURITIES FUND DIRECT PLAN - IDCW PAYOUT,Debt
INF277K01OX7,Choice Finserv,60,C,Mutual Fund,TATA GILT SECURITIES FUND DIRECT PLAN GROWTH,Debt
INF277K01535,Choice Finserv,60,D,Mutual Fund,TATA GILT SECURITIES FUND REGULAR PLAN - IDCW REINVESTMENT,Debt
INF277K01519,Choice Finserv,60,A,Mutual Fund,TATA GILT SECURITIES FUND REGULAR PLAN GROWTH,Debt
INF277K01PB0,Choice Finserv,60,B,Mutual Fund,TATA INCOME FUND DIRECT PLAN - HALF YEARLY IDCW PAYOUT,Debt
INF277K01PD6,Choice Finserv,60,C,Mutual Fund,TATA INCOME FUND DIRECT PLAN - PERIODIC IDCW PAYOUT,Debt
INF277K01OY5,Choice Finserv,60,D,Mutual Fund,TATA INCOME FUND DIRECT PLAN GROWTH,Debt
INF277K01675,Choice Finserv,60,A,Mutual Fund,TATA INCOME FUND REGULAR PLAN - HALF YEARLY IDCW REINVESTMENT,Debt
INF277K01667,Choice Finserv,60,B,Mutual Fund,TATA INCOME FUND REGULAR PLAN - PERIODIC IDCW REINVESTMENT,Debt
INF277K01659,Choice Finserv,60,C,Mutual Fund,TATA INCOME FUND REGULAR PLAN GROWTH,Debt
INF277K01PI5,Choice Finserv,60,D,Mutual Fund,TATA MEDIUM TERM FUND DIRECT PLAN GROWTH,Debt
INF277K01PH7,Choice Finserv,60,A,Mutual Fund,TATA MEDIUM TERM FUND DIRECT PLAN- IDCW PAYOUT,Debt
INF277K01709,Choice Finserv,60,B,Mutual Fund,TATA MEDIUM TERM FUND REGULAR PLAN - IDCW REINVESTMENT,Debt
INF277K01717,Choice Finserv,60,C,Mutual Fund,TATA MEDIUM TERM FUND REGULAR PLAN GROWTH,Debt
INF277K011C6,Choice Finserv,60,D,Mutual Fund,TATA MONEY MARKET DIRECT PLAN - DAILY IDCW REINVESTMENT,Debt
INF277K01PR6,Choice Finserv,60,A,Mutual Fund,TATA MONEY MARKET FUND DIRECT PLAN GROWTH,Debt
INF277K01LQ7,Choice Finserv,60,B,Mutual Fund,TATA MONEY MARKET FUND REG PLAN GROWTH,Debt
INF277K014C0,Choice Finserv,60,C,Mutual Fund,TATA MONEY MARKET REGULAR PLAN DAILY IDCW REINVESTMENT,Debt
INF277K01QQ6,Choice Finserv,60,D,Mutual Fund,TATA SHORT TERM BOND FUND DIRECT PLAN - MONTHLY IDCW PAYOUT,Debt
INF277K01QR4,Choice Finserv,60,A,Mutual Fund,TATA SHORT TERM BOND FUND DIRECT PLAN GROWTH,Debt
INF277K01P46,Choice Finserv,60,B,Mutual Fund,TATA SHORT TERM BOND FUND DIRECT PLAN PERIODIC IDCW PAYOUT,Debt
INF277K01964,Choice Finserv,60,C,Mutual Fund,TATA SHORT TERM BOND FUND REGULAR PLAN - MONTHLY IDCW REINVESTMENT,Debt
INF277K01P20,Choice Finserv,60,D,Mutual Fund,TATA SHORT TERM BOND FUND REGULAR PLAN - PERIODIC IDCW PAYOUT,Debt
INF277K01972,Choice Finserv,60,A,Mutual Fund,TATA SHORT TERM BOND FUND REGULAR PLAN GROWTH,Debt
INF277K018B3,Choice Finserv,60,B,Mutual Fund,TATA TREASURY ADVANTAGE FUND DIRECT PLAN - DAILY IDCW REINVESTMENT,Debt
INF277K010C8,Choice Finserv,60,C,Mutual Fund,TATA TREASURY ADVANTAGE FUND DIRECT PLAN - WEEKLY IDCW PAYOUT,Debt
INF277K01OK4,Choice Finserv,60,D,Mutual Fund,TATA TREASURY ADVANTAGE FUND DIRECT PLAN GROWTH,Debt
INF277K01OM0,Choice Finserv,60,A,Mutual Fund,TATA TREASURY ADVANTAGE FUND DIRECT PLAN- PERIODIC IDCW PAYOUT,Debt
INF277K01LZ8,Choice Finserv,60,B,Mutual Fund,TATA TREASURY ADVANTAGE FUND REGULAR PLAN - DAILY IDCW REINVESTMENT,Debt
INF277K01ME1,Choice Finserv,60,C,Mutual Fund,TATA TREASURY ADVANTAGE FUND REGULAR PLAN - PERIODIC IDCW REINVESTMENT,Debt
INF277K01MD3,Choice Finserv,60,D,Mutual Fund,TATA TREASURY ADVANTAGE FUND REGULAR PLAN - WEEKLY IDCW PAYOUT,Debt
INF277K01MB7,Choice Finserv,60,A,Mutual Fund,TATA TREASURY ADVANTAGE FUND REGULAR PLAN - WEEKLY IDCW REINVESTMENT,Debt
INF277K01MA9,Choice Finserv,60,B,Mutual Fund,TATA TREASURY ADVANTAGE FUND REGULAR PLAN GROWTH,Debt
INF277K013T6,Choice Finserv,60,C,Mutual Fund,TATA ULTRA SHORT TERM FUND - DIRECT PLAN - MONTHLY IDCW PAYOUT,Debt
INF277K015T1,Choice Finserv,60,D,Mutual Fund,TATA ULTRA SHORT TERM FUND - DIRECT PLAN - WEEKLY IDCW PAYOUT,Debt
INF277K018S7,Choice Finserv,60,A,Mutual Fund,TATA ULTRA SHORT TERM FUND - REGULAR PLAN - MONTHLY IDCW PAYOUT,Debt
INF277K010T2,Choice Finserv,60,B,Mutual Fund,TATA ULTRA SHORT TERM FUND - REGULAR PLAN - WEEKLY IDCW PAYOUT,Debt
INF277K011T0,Choice Finserv,60,C,Mutual Fund,TATA ULTRA SHORT TERM FUND DIRECT PLAN GROWTH,Debt
INF277K016S1,Choice Finserv,60,D,Mutual Fund,TATA ULTRA SHORT TERM FUND REGULAR PLAN GROWTH,Debt
INF277K01I86,Choice Finserv,40,A,Mutual Fund,TATA INDIA TAX SAVINGS FUND DIRECT PLAN GROWTH,Equity
INF277K01I94,Choice Finserv,40,B,Mutual Fund,TATA INDIA TAX SAVINGS FUND DIRECT PLAN IDCW PAYOUT,Equity
INF277K01I52,Choice Finserv,40,C,Mutual Fund,TATA INDIA TAX SAVINGS FUND REGULAR PLAN GROWTH,Equity
INF277K01I60,Choice Finserv,40,D,Mutual Fund,TATA INDIA TAX SAVINGS FUND-REGULAR PLAN-IDCW PAYOUT,Equity
INF277K018Q1,Choice Finserv,40,A,Mutual Fund,TATA Arbitrage Fund Direct Plan - Monthly Payout of Income Distribution cum capital withdrawal option ,Equity
INF277K016Q5,Choice Finserv,40,B,Mutual Fund,TATA Arbitrage Fund Regular Plan - Monthly Payout of Income Distribution cum capital withdrawal option ,Equity
INF277K01Z28,Choice Finserv,40,C,Mutual Fund,TATA Banking & Financial Services Fund Direct Plan - Payout of Income Distribution cum capital withdrawal option ,Equity
INF277K01Y94,Choice Finserv,40,D,Mutual Fund,TATA Banking & Financial Services Fund Regular Plan - Payout of Income Distribution cum capital withdrawal option ,Equity
INF277K01Z85,Choice Finserv,40,A,Mutual Fund,TATA Digital India Fund Direct Plan - Payout of Income Distribution cum capital withdrawal option ,Equity
INF277K01Z51,Choice Finserv,40,B,Mutual Fund,TATA Digital India Fund Regular Plan - Payout of Income Distribution cum capital withdrawal option ,Equity
INF277K01DI1,Choice Finserv,40,C,Mutual Fund,Tata Equity P/E Fund - Regular Plan - Payout of IDCW-Option A(5%),Equity
INF277K01NB5,Choice Finserv,40,D,Mutual Fund,Tata Equity P/E Fund- Direct Plan - Payout of IDCW -Option B(10%),Equity
INF277K01MZ6,Choice Finserv,40,A,Mutual Fund,Tata Equity P/E Fund- Direct Plan -Payout of IDCW-Option A(5%),Equity
INF277K01DJ9,Choice Finserv,40,B,Mutual Fund,Tata Equity P/E Fund Regular Plan - Payout of IDCW-Option B(10%),Equity
INF277K01NE9,Choice Finserv,40,C,Mutual Fund,Tata Ethical Fund- Direct Plan - Payout of IDCW Option,Equity
INF277K01EH1,Choice Finserv,40,D,Mutual Fund,Tata Ethical Fund- Regular Plan - Payout of IDCW Option,Equity
INF277K017K6,Choice Finserv,40,A,Mutual Fund,TATA Flexi Cap Fund - Direct Plan - Payout of Income Distribution cum capital withdrawal option ,Equity
INF277K011L7,Choice Finserv,40,B,Mutual Fund,TATA Flexi Cap Fund Regular Plan - Payout of Income Distribution cum capital withdrawal option ,Equity
INF277K01MO0,Choice Finserv,40,C,Mutual Fund,Tata Hybrid Equity Fund- Direct Plan - Monthly Payout of IDCW Option,Equity
INF277K01ML6,Choice Finserv,40,D,Mutual Fund,Tata Hybrid Equity Fund- Direct Plan - Periodic Payout of IDCW Option,Equity
INF277K01CS2,Choice Finserv,40,A,Mutual Fund,Tata Hybrid Equity Fund- Regular Plan - Monthly Payout of IDCW Option,Equity
INF277K01DB6,Choice Finserv,40,B,Mutual Fund,Tata Hybrid Equity Fund- Regular Plan - Periodic Payout of IDCW Option,Equity
INF277K014A4,Choice Finserv,40,C,Mutual Fund,TATA India Consumer Fund Direct Plan - Payout of Income Distribution cum capital withdrawal option ,Equity
INF277K011A0,Choice Finserv,40,D,Mutual Fund,TATA India Consumer Fund Regular Plan - Payout of Income Distribution cum capital withdrawal option,Equity
INF277K010B0,Choice Finserv,40,A,Mutual Fund,TATA India Pharma & Health Care Fund Direct Plan - Payout of Income Distribution cum capital withdrawal option ,Equity
INF277K017A7,Choice Finserv,40,B,Mutual Fund,TATA India Pharma & Health Care Fund Regular Plan - Payout of Income Distribution cum capital withdrawal option ,Equity
INF277K01PO3,Choice Finserv,40,C,Mutual Fund,Tata Infrastructure Fund- Direct Plan - Payout of IDCW Option,Equity
INF277K01DY8,Choice Finserv,40,D,Mutual Fund,TATA Infrastructure Fund Regular Plan - Payout of IDCW Option,Equity
INF277K01MI2,Choice Finserv,40,A,Mutual Fund,Tata Large & Mid Cap Fund Direct Plan - Payout of IDCW Option,Equity
INF277K01DH3,Choice Finserv,40,B,Mutual Fund,Tata Large & Mid Cap Fund Regular Plan - Payout of IDCW Option,Equity
INF277K01QX2,Choice Finserv,40,C,Mutual Fund,Tata Large Cap Fund- Direct Plan - Payout of IDCW Option,Equity
INF277K01EG3,Choice Finserv,40,D,Mutual Fund,Tata Large Cap Fund- Regular Plan - Payout of IDCW Option,Equity
INF277K01PW6,Choice Finserv,40,A,Mutual Fund,Tata Mid Cap Growth Fund - Direct Plan- IDCW Option,Equity
INF277K01DS0,Choice Finserv,40,B,Mutual Fund,Tata Mid Cap Growth Fund-Regular Plan - IDCW Option,Equity
INF277K017Q3,Choice Finserv,40,C,Mutual Fund,TATA ARBITRAGE FUND DIRECT PLAN GROWTH,Equity
INF277K015Q7,Choice Finserv,40,D,Mutual Fund,TATA ARBITRAGE FUND REGULAR PLAN GROWTH,Equity
INF277K015S3,Choice Finserv,40,A,Mutual Fund,TATA BALANCED ADVANTAGE FUND - DIRECT PLAN - IDCW PAYOUT,Equity
INF277K012S0,Choice Finserv,40,B,Mutual Fund,TATA BALANCED ADVANTAGE FUND - REGULAR PLAN - IDCW PAYOUT,Equity
INF277K013S8,Choice Finserv,40,C,Mutual Fund,TATA BALANCED ADVANTAGE FUND DIRECT PLAN GROWTH,Equity
INF277K010S4,Choice Finserv,40,D,Mutual Fund,TATA BALANCED ADVANTAGE FUND REGULAR PLAN GROWTH,Equity
INF277K01Z10,Choice Finserv,40,A,Mutual Fund,TATA BANKING AND FINANCIAL SERVICES FUND DIRECT PLAN GROWTH,Equity
INF277K01Y86,Choice Finserv,40,B,Mutual Fund,TATA BANKING AND FINANCIAL SERVICES FUND REGULAR PLAN GROWTH,Equity
INF277K01Z77,Choice Finserv,40,C,Mutual Fund,TATA DIGITAL INDIA FUND DIRECT PLAN GROWTH,Equity
INF277K01Z44,Choice Finserv,40,D,Mutual Fund,TATA DIGITAL INDIA FUND REGULAR PLAN GROWTH,Equity
INF277K01NA7,Choice Finserv,40,A,Mutual Fund,TATA EQUITY P/E FUND DIRECT PLAN - IDCW TRIGGER A (5%) PAYOUT,Equity
INF277K01NC3,Choice Finserv,40,B,Mutual Fund,TATA EQUITY P/E FUND DIRECT PLAN - IDCW TRIGGER B (10%) PAYOUT,Equity
INF277K01ND1,Choice Finserv,40,C,Mutual Fund,TATA EQUITY P/E FUND DIRECT PLAN GROWTH,Equity
INF277K01436,Choice Finserv,40,D,Mutual Fund,TATA EQUITY P/E FUND REGULAR PLAN - IDCW TRIGGER A (5%) REINVESTMENT,Equity
INF277K01444,Choice Finserv,40,A,Mutual Fund,TATA EQUITY P/E FUND REGULAR PLAN - IDCW TRIGGER B (10%) REINVESTMENT,Equity
INF277K01451,Choice Finserv,40,B,Mutual Fund,TATA EQUITY P/E FUND REGULAR PLAN GROWTH,Equity
INF277K01QJ1,Choice Finserv,40,C,Mutual Fund,TATA EQUITY SAVINGS FUND DIRECT PLAN - MONTHLY IDCW PAYOUT,Equity
INF277K01QL7,Choice Finserv,40,D,Mutual Fund,TATA EQUITY SAVINGS FUND DIRECT PLAN - PERIODIC IDCW PAYOUT,Equity
INF277K01QH5,Choice Finserv,40,A,Mutual Fund,TATA EQUITY SAVINGS FUND DIRECT PLAN GROWTH,Equity
INF277K01899,Choice Finserv,40,B,Mutual Fund,TATA EQUITY SAVINGS FUND REGULAR PLAN - MONTHLY IDCW REINVESTMENT,Equity
INF277K01915,Choice Finserv,40,C,Mutual Fund,TATA EQUITY SAVINGS FUND REGULAR PLAN - PERIODIC IDCW REINVESTMENT,Equity
INF277K01907,Choice Finserv,40,D,Mutual Fund,TATA EQUITY SAVINGS FUND REGULAR PLAN GROWTH,Equity
INF277K01NF6,Choice Finserv,40,A,Mutual Fund,TATA ETHICAL FUND DIRECT PLAN - IDCW PAYOUT,Equity
INF277K01NG4,Choice Finserv,40,B,Mutual Fund,TATA ETHICAL FUND DIRECT PLAN GROWTH,Equity
INF277K01949,Choice Finserv,40,C,Mutual Fund,TATA ETHICAL FUND REGULAR PLAN - IDCW REINVESTMENT,Equity
INF277K01956,Choice Finserv,40,D,Mutual Fund,TATA ETHICAL FUND REGULAR PLAN GROWTH,Equity
INF277K015K0,Choice Finserv,40,A,Mutual Fund,TATA FLEXI CAP FUND - DIRECT PLAN - GROWTH OPTION,Equity
INF277K019K2,Choice Finserv,40,B,Mutual Fund,TATA FLEXI CAP FUND - REGULAR PLAN - GROWTH,Equity
INF277K018X7,Choice Finserv,40,C,Mutual Fund,TATA FOCUSED EQUITY FUND - DIRECT PLAN - IDCW PAYOUT,Equity
INF277K011Y0,Choice Finserv,40,D,Mutual Fund,TATA FOCUSED EQUITY FUND - REGULAR PLAN - IDCW PAYOUT,Equity
INF277K017X9,Choice Finserv,40,A,Mutual Fund,TATA FOCUSED EQUITY FUND DIRECT PLAN GROWTH,Equity
INF277K010Y2,Choice Finserv,40,B,Mutual Fund,TATA FOCUSED EQUITY FUND REGULAR PLAN GROWTH,Equity
INF277K01MP7,Choice Finserv,40,C,Mutual Fund,TATA HYBRID EQUITY FUND DIRECT PLAN - MONTHLY IDCW PAYOUT,Equity
INF277K01MM4,Choice Finserv,40,D,Mutual Fund,TATA HYBRID EQUITY FUND DIRECT PLAN - PERIODIC IDCW PAYOUT,Equity
INF277K01MN2,Choice Finserv,40,A,Mutual Fund,TATA HYBRID EQUITY FUND DIRECT PLAN GROWTH,Equity
INF277K01CW4,Choice Finserv,40,B,Mutual Fund,TATA HYBRID EQUITY FUND REGULAR PLAN - MONTHLY IDCW REINVESTMENT,Equity
INF277K01295,Choice Finserv,40,C,Mutual Fund,TATA HYBRID EQUITY FUND REGULAR PLAN - PERIODIC IDCW REINVESTMENT,Equity
INF277K01303,Choice Finserv,40,D,Mutual Fund,TATA HYBRID EQUITY FUND REGULAR PLAN GROWTH,Equity
INF277K01741,Choice Finserv,40,A,Mutual Fund,TATA INDEX FUND NIFTY  - REGULAR PLAN - GROWTH,Equity
INF277K01PJ3,Choice Finserv,40,B,Mutual Fund,TATA INDEX FUND NIFTY - DIRECT PLAN - GROWTH,Equity
INF277K01PK1,Choice Finserv,40,C,Mutual Fund,TATA INDEX FUND SENSEX - DIRECT PLAN - GROWTH,Equity
INF277K01758,Choice Finserv,40,D,Mutual Fund,TATA INDEX FUND SENSEX - REGULAR PLAN - GROWTH,Equity
INF277K013A6,Choice Finserv,40,A,Mutual Fund,TATA INDIA CONSUMER FUND DIRECT PLAN GROWTH,Equity
INF277K019A3,Choice Finserv,40,B,Mutual Fund,TATA INDIA PHARMA AND HEALTHCARE FUND DIRECT PLAN GROWTH,Equity
INF277K016A9,Choice Finserv,40,C,Mutual Fund,TATA INDIA PHARMA AND HEALTHCARE FUND REGULAR PLAN GROWTH,Equity
INF277K01PP0,Choice Finserv,40,D,Mutual Fund,TATA INFRASTRUCTURE FUND DIRECT PLAN - IDCW PAYOUT,Equity
INF277K01PQ8,Choice Finserv,40,A,Mutual Fund,TATA INFRASTRUCTURE FUND DIRECT PLAN GROWTH,Equity
INF277K01774,Choice Finserv,40,B,Mutual Fund,TATA INFRASTRUCTURE FUND REGULAR PLAN - IDCW REINVESTMENT,Equity
INF277K01782,Choice Finserv,40,C,Mutual Fund,TATA INFRASTRUCTURE FUND REGULAR PLAN GROWTH,Equity
INF277K01MJ0,Choice Finserv,40,D,Mutual Fund,TATA LARGE AND MID CAP FUND DIRECT PLAN - IDCW PAYOUT,Equity
INF277K01MK8,Choice Finserv,40,A,Mutual Fund,TATA LARGE AND MID CAP FUND DIRECT PLAN GROWTH,Equity
INF277K01410,Choice Finserv,40,B,Mutual Fund,TATA LARGE AND MID CAP FUND REGULAR PLAN - IDCW REINVESTMENT,Equity
INF277K01428,Choice Finserv,40,C,Mutual Fund,TATA LARGE AND MID CAP FUND REGULAR PLAN GROWTH,Equity
INF277K01QZ7,Choice Finserv,40,D,Mutual Fund,TATA LARGE CAP FUND DIRECT PLAN GROWTH,Equity
INF277K01QY0,Choice Finserv,40,A,Mutual Fund,TATA LARGE CAP FUND DIRECT PLAN IDCW PAYOUT,Equity
INF277K01931,Choice Finserv,40,B,Mutual Fund,TATA LARGE CAP FUND REGULAR GROWTH,Equity
INF277K01923,Choice Finserv,40,C,Mutual Fund,TATA LARGE CAP FUND REGULAR IDCW REINVESTMENT,Equity
INF277K01PX4,Choice Finserv,40,D,Mutual Fund,TATA MID CAP GROWTH FUND DIRECT PLAN - IDCW PAYOUT,Equity
INF277K01PY2,Choice Finserv,40,A,Mutual Fund,TATA MID CAP GROWTH FUND DIRECT PLAN GROWTH,Equity
INF277K01642,Choice Finserv,40,B,Mutual Fund,TATA MID CAP GROWTH FUND REGULAR PLAN - IDCW REINVESTMENT,Equity
INF277K01626,Choice Finserv,40,C,Mutual Fund,TATA MID CAP GROWTH FUND REGULAR PLAN GROWTH,Equity
INF277K014Y4,Choice Finserv,40,D,Mutual Fund,TATA QUANT FUND - DIRECT PLAN - IDCW PAYOUT,Equity
INF277K017Y7,Choice Finserv,40,A,Mutual Fund,TATA QUANT FUND - REGULAR PLAN - IDCW PAYOUT,Equity
INF277K013Y6,Choice Finserv,40,B,Mutual Fund,TATA QUANT FUND DIRECT PLAN GROWTH,Equity
INF277K016Y9,Choice Finserv,40,C,Mutual Fund,TATA QUANT FUND REGULAR PLAN GROWTH,Equity
INF277K015B9,Choice Finserv,40,D,Mutual Fund,TATA RESOURCES AND ENERGY FUND DIRECT PLAN GROWTH,Equity
INF277K012B6,Choice Finserv,40,A,Mutual Fund,TATA RESOURCES AND ENERGY FUND REGULAR PLAN GROWTH,Equity
INF277K01QN3,Choice Finserv,40,B,Mutual Fund,TATA RETIREMENT SAVINGS FUND - MODERATE DIRECT PLAN - GROWTH,Equity
INF277K01FH8,Choice Finserv,40,C,Mutual Fund,TATA RETIREMENT SAVINGS FUND - MODERATE PLAN - GROWTH,Equity
INF277K01QO1,Choice Finserv,40,D,Mutual Fund,TATA RETIREMENT SAVINGS FUND - PROGRESSIVE DIRECT PLAN - GROWTH,Equity
INF277K01FG0,Choice Finserv,40,A,Mutual Fund,TATA RETIREMENT SAVINGS FUND - PROGRESSIVE PLAN - GROWTH,Equity
INF277K012O9,Choice Finserv,40,B,Mutual Fund,TATA SMALL CAP FUND - DIRECT PLAN - IDCW PAYOUT,Equity
INF277K016O0,Choice Finserv,40,C,Mutual Fund,TATA SMALL CAP FUND - REGULAR PLAN - IDCW PAYOUT,Equity
INF277K011O1,Choice Finserv,40,D,Mutual Fund,TATA SMALL CAP FUND DIRECT PLAN GROWTH,Equity
INF277K015O2,Choice Finserv,40,A,Mutual Fund,TATA SMALL CAP FUND REGULAR PLAN GROWTH,Equity
INF277K01QM5,Choice Finserv,60,B,Mutual Fund,TATA RETIREMENT SAVINGS FUND - CONSERVATIVE DIRECT PLAN - GROWTH,Debt
INF277K01FI6,Choice Finserv,60,C,Mutual Fund,TATA RETIREMENT SAVINGS FUND - CONSERVATIVE PLAN - GROWTH,Debt
INF277K010Z9,Choice Finserv,60,D,Mutual Fund,TATA MULTI ASSET OPPORTUNITIES FUND - DIRECT PLAN - IDCW PAYOUT,Debt
INF277K013Z3,Choice Finserv,60,A,Mutual Fund,TATA MULTI ASSET OPPORTUNITIES FUND - REGULAR PLAN - IDCW PAYOUT,Debt
INF277K019Y3,Choice Finserv,60,B,Mutual Fund,TATA MULTI ASSET OPPORTUNITIES FUND DIRECT PLAN GROWTH,Debt
INF277K012Z5,Choice Finserv,60,C,Mutual Fund,TATA MULTI ASSET OPPORTUNITIES FUND REGULAR PLAN GROWTH,Debt
INF109K01BY7,Choice Finserv,60,D,Mutual Fund,ICICI Pru Savings Fund - Retail (IDCW-W)-10362,Debt
INF109K01JM5,Choice Finserv,60,A,Mutual Fund,ICICI Pru Banking & PSU Debt Fund Retail (IDCW-D)-11551,Debt
INF109K01373,Choice Finserv,60,B,Mutual Fund,ICICI Pru Long Term Bond Fund - Inst (IDCW)-10114,Debt
INF109K01II5,Choice Finserv,60,C,Mutual Fund,BANKING AND PSU DEBT RETAIL GROWTH,Debt
INF109K01GO7,Choice Finserv,60,D,Mutual Fund,ICICI Prudential All Seasons Bond Fund - Annual IDCW,Debt
INF109K01GP4,Choice Finserv,60,A,Mutual Fund,ICICI PRUDENTIAL ALL SEASONS BOND FUND - ANNUAL IDCW PAYOUT,Debt
INF109KA1H36,Choice Finserv,60,B,Mutual Fund,ICICI PRUDENTIAL ALL SEASONS BOND FUND - BONUS,Debt
INF109K012E4,Choice Finserv,60,C,Mutual Fund,ICICI Prudential All Seasons Bond Fund - Direct Plan - Annual IDCW,Debt
INF109K013E2,Choice Finserv,60,D,Mutual Fund,ICICI PRUDENTIAL ALL SEASONS BOND FUND - DIRECT PLAN - ANNUAL IDCW REINVESTMENT,Debt
INF109K016E5,Choice Finserv,60,A,Mutual Fund,ICICI PRUDENTIAL ALL SEASONS BOND FUND - DIRECT PLAN - GROWTH,Debt
INF109K014E0,Choice Finserv,60,B,Mutual Fund,ICICI Prudential All Seasons Bond Fund - Direct Plan - IDCW,Debt
INF109K015E7,Choice Finserv,60,C,Mutual Fund,ICICI PRUDENTIAL ALL SEASONS BOND FUND - DIRECT PLAN - IDCW PAYOUT,Debt
INF109K017E3,Choice Finserv,60,D,Mutual Fund,ICICI Prudential All Seasons Bond Fund - Direct Plan - Quarterly IDCW,Debt
INF109K018E1,Choice Finserv,60,A,Mutual Fund,ICICI PRUDENTIAL ALL SEASONS BOND FUND - DIRECT PLAN - QUARTERLY IDCW REINVESTMENT,Debt
INF109K019E9,Choice Finserv,60,B,Mutual Fund,ICICI Prudential All Seasons Bond Fund - Direct Plan - Weekly IDCW,Debt
INF109K010F5,Choice Finserv,60,C,Mutual Fund,ICICI PRUDENTIAL ALL SEASONS BOND FUND - DIRECT PLAN - WEEKLY IDCW PAYOUT,Debt
INF109KA1H28,Choice Finserv,60,D,Mutual Fund,ICICI PRUDENTIAL ALL SEASONS BOND FUND - DIRECT PLAN BONUS,Debt
INF109K01GN9,Choice Finserv,60,A,Mutual Fund,ICICI PRUDENTIAL ALL SEASONS BOND FUND - GROWTH,Debt
INF109K01GK5,Choice Finserv,60,B,Mutual Fund,ICICI Prudential All Seasons Bond Fund - IDCW,Debt
INF109K01GL3,Choice Finserv,60,C,Mutual Fund,ICICI PRUDENTIAL ALL SEASONS BOND FUND - IDCW PAYOUT,Debt
INF109K01GE8,Choice Finserv,60,D,Mutual Fund,ICICI Prudential All Seasons Bond Fund - Quarterly IDCW,Debt
INF109K01GF5,Choice Finserv,60,A,Mutual Fund,ICICI PRUDENTIAL ALL SEASONS BOND FUND - QUARTERLY IDCW PAYOUT,Debt
INF109K01FD2,Choice Finserv,60,B,Mutual Fund,ICICI Prudential All Seasons Bond Fund - Weekly IDCW,Debt
INF109K01704,Choice Finserv,60,C,Mutual Fund,ICICI PRUDENTIAL ALL SEASONS BOND FUND - WEEKLY IDCW PAYOUT,Debt
INF109K01GM1,Choice Finserv,60,D,Mutual Fund,ICICI PRUDENTIAL ALL SEASONS BOND FUND PREMIUM - CUMULATIVE,Debt
INF109K01712,Choice Finserv,60,A,Mutual Fund,ICICI PRUDENTIAL ALL SEASONS BOND FUND RETAIL - CUMULATIVE,Debt
INF109K01GG3,Choice Finserv,60,B,Mutual Fund,ICICI Prudential All Seasons Bond Fund Retail - Quarterly Dividend,Debt
INF109K01GH1,Choice Finserv,60,C,Mutual Fund,ICICI PRUDENTIAL ALL SEASONS BOND FUND RETAIL - QUARTERLY DIVIDEND PAYOUT,Debt
INF109K017W5,Choice Finserv,40,D,Mutual Fund,ICICI PRUDENTIAL BALANCED ADVANTAGE FUND - MONTHLY IDCW PAYOUT,Equity
INF109K01BU5,Choice Finserv,40,A,Mutual Fund,ICICI PRUDENTIAL BANKING AND FINANCIAL SERVICES FUND - GROWTH,Equity
INF109K01WS5,Choice Finserv,60,B,Mutual Fund,ICICI Prudential Banking and PSU Debt Fund -  Daily IDCW,Debt
INF109K01WR7,Choice Finserv,60,C,Mutual Fund,ICICI Prudential Banking and PSU Debt Fund -  Weekly IDCW,Debt
INF109KA1B57,Choice Finserv,60,D,Mutual Fund,ICICI PRUDENTIAL BANKING AND PSU DEBT FUND - BONUS,Debt
INF109K01RV9,Choice Finserv,60,A,Mutual Fund,ICICI PRUDENTIAL BANKING AND PSU DEBT FUND - DAILY IDCW PAYOUT,Debt
INF109K01Z89,Choice Finserv,60,B,Mutual Fund,ICICI Prudential Banking and PSU Debt Fund - Direct Plan -  Daily IDCW,Debt
INF109K011A4,Choice Finserv,60,C,Mutual Fund,ICICI Prudential Banking and PSU Debt Fund - Direct Plan -  Quarterly IDCW,Debt
INF109K013A0,Choice Finserv,60,D,Mutual Fund,ICICI Prudential Banking and PSU Debt Fund - Direct Plan -  Weekly IDCW,Debt
INF109K01Z97,Choice Finserv,60,A,Mutual Fund,ICICI PRUDENTIAL BANKING AND PSU DEBT FUND - DIRECT PLAN - DAILY IDCW PAYOUT,Debt
INF109K010A6,Choice Finserv,60,B,Mutual Fund,ICICI PRUDENTIAL BANKING AND PSU DEBT FUND - DIRECT PLAN - GROWTH,Debt
INF109KA1M88,Choice Finserv,60,C,Mutual Fund,ICICI PRUDENTIAL BANKING AND PSU DEBT FUND - DIRECT PLAN - HALF YEARLY IDCW PAYOUT,Debt
INF109K012A2,Choice Finserv,60,D,Mutual Fund,ICICI PRUDENTIAL BANKING AND PSU DEBT FUND - DIRECT PLAN - QUARTERLY IDCW PAYOUT,Debt
INF109K014A8,Choice Finserv,60,A,Mutual Fund,ICICI PRUDENTIAL BANKING AND PSU DEBT FUND - DIRECT PLAN - WEEKLY IDCW PAYOUT,Debt
INF109KA1M96,Choice Finserv,60,B,Mutual Fund,ICICI Prudential Banking and PSU Debt Fund - Direct Plan Half Yearly IDCW Option,Debt
INF109K01RT3,Choice Finserv,60,C,Mutual Fund,ICICI PRUDENTIAL BANKING AND PSU DEBT FUND - GROWTH,Debt
INF109KA1M62,Choice Finserv,60,D,Mutual Fund,ICICI PRUDENTIAL BANKING AND PSU DEBT FUND - HALF YEARLY IDCW PAYOUT,Debt
INF109K01YE1,Choice Finserv,60,A,Mutual Fund,ICICI Prudential Banking and PSU Debt Fund - Quarterly IDCW,Debt
INF109K01YD3,Choice Finserv,60,B,Mutual Fund,ICICI PRUDENTIAL BANKING AND PSU DEBT FUND - QUARTERLY IDCW PAYOUT,Debt
INF109K01RU1,Choice Finserv,60,C,Mutual Fund,ICICI PRUDENTIAL BANKING AND PSU DEBT FUND - WEEKLY IDCW PAYOUT,Debt
INF109KA1M70,Choice Finserv,60,D,Mutual Fund,ICICI Prudential Banking and PSU Debt Fund Half Yearly IDCW Option,Debt
INF109K01WW7,Choice Finserv,60,A,Mutual Fund,ICICI Prudential Banking and PSU Debt Fund Retail Daily Dividend,Debt
INF109K016L0,Choice Finserv,40,B,Mutual Fund,ICICI PRUDENTIAL BLUECHIP FUND - DIRECT PLAN - GROWTH,Equity
INF109K01BL4,Choice Finserv,40,C,Mutual Fund,ICICI PRUDENTIAL BLUECHIP FUND - GROWTH,Equity
INF109K01BM2,Choice Finserv,40,D,Mutual Fund,ICICI PRUDENTIAL BLUECHIP FUND - IDCW PAYOUT,Equity
INF109K01V83,Choice Finserv,60,A,Mutual Fund,ICICI PRUDENTIAL BOND FUND - DIRECT PLAN - GROWTH,Debt
INF109KA1X77,Choice Finserv,60,B,Mutual Fund,ICICI Prudential Bond Fund - Direct Plan - Half Yearly IDCW,Debt
INF109KA1X69,Choice Finserv,60,C,Mutual Fund,ICICI PRUDENTIAL BOND FUND - DIRECT PLAN - HALF YEARLY IDCW PAYOUT,Debt
INF109K01V59,Choice Finserv,60,D,Mutual Fund,ICICI Prudential Bond Fund - Direct Plan - IDCW Monthly,Debt
INF109K01V75,Choice Finserv,60,A,Mutual Fund,ICICI Prudential Bond Fund - Direct Plan - IDCW Quarterly,Debt
INF109K01V67,Choice Finserv,60,B,Mutual Fund,ICICI PRUDENTIAL BOND FUND - DIRECT PLAN - MONTHLY IDCW PAYOUT,Debt
INF109K01V91,Choice Finserv,60,C,Mutual Fund,ICICI PRUDENTIAL BOND FUND - DIRECT PLAN - QUARTERLY IDCW PAYOUT,Debt
INF109K01BO8,Choice Finserv,60,D,Mutual Fund,ICICI PRUDENTIAL BOND FUND - GROWTH,Debt
INF109KA1X51,Choice Finserv,60,A,Mutual Fund,ICICI Prudential Bond Fund - Half Yearly IDCW,Debt
INF109KA1X44,Choice Finserv,60,B,Mutual Fund,ICICI PRUDENTIAL BOND FUND - HALF YEARLY IDCW PAYOUT,Debt
INF109K01EU9,Choice Finserv,60,C,Mutual Fund,ICICI Prudential Bond Fund - IDCW Monthly,Debt
INF109K01EV7,Choice Finserv,60,D,Mutual Fund,ICICI Prudential Bond Fund - IDCW Quarterly,Debt
INF109K01BQ3,Choice Finserv,60,A,Mutual Fund,ICICI PRUDENTIAL BOND FUND - INSTITUTIONAL GROWTH,Debt
INF109K01BR1,Choice Finserv,60,B,Mutual Fund,ICICI PRUDENTIAL BOND FUND - INSTITUTIONAL MONTHLY IDCW REINVESTMENT,Debt
INF109K01BT7,Choice Finserv,60,C,Mutual Fund,ICICI PRUDENTIAL BOND FUND - INSTITUTIONAL QUARTERLY IDCW REINVESTMENT,Debt
INF109K01BP5,Choice Finserv,60,D,Mutual Fund,ICICI PRUDENTIAL BOND FUND - MONTHLY IDCW PAYOUT,Debt
INF109K01BS9,Choice Finserv,60,A,Mutual Fund,ICICI PRUDENTIAL BOND FUND - QUARTERLY IDCW PAYOUT,Debt
INF109K01ES3,Choice Finserv,60,B,Mutual Fund,ICICI Prudential Bond Fund- Institutional Monthly Dividend,Debt
INF109K01ET1,Choice Finserv,60,C,Mutual Fund,ICICI Prudential Bond Fund- Institutional Quarterly Dividend,Debt
INF109KA1I84,Choice Finserv,60,D,Mutual Fund,ICICI PRUDENTIAL CORPORATE BOND FUND - BONUS,Debt
INF109K01CR9,Choice Finserv,60,A,Mutual Fund,ICICI PRUDENTIAL CORPORATE BOND FUND - DAILY IDCW REINVESTMENT,Debt
INF109K013B8,Choice Finserv,60,B,Mutual Fund,ICICI PRUDENTIAL CORPORATE BOND FUND - DIRECT PLAN - DAILY IDCW REINVESTMENT,Debt
INF109K014B6,Choice Finserv,60,C,Mutual Fund,ICICI Prudential Corporate Bond Fund - Direct Plan - Fortnightly IDCW,Debt
INF109K015B3,Choice Finserv,60,D,Mutual Fund,ICICI PRUDENTIAL CORPORATE BOND FUND - DIRECT PLAN - FORTNIGHTLY IDCW PAYOUT,Debt
INF109K016B1,Choice Finserv,60,A,Mutual Fund,ICICI PRUDENTIAL CORPORATE BOND FUND - DIRECT PLAN - GROWTH,Debt
INF109KA1N38,Choice Finserv,60,B,Mutual Fund,ICICI Prudential Corporate Bond Fund - Direct Plan - Half Yearly IDCW Option,Debt
INF109KA1N20,Choice Finserv,60,C,Mutual Fund,ICICI PRUDENTIAL CORPORATE BOND FUND - DIRECT PLAN - HALF YEARLY IDCW PAYOUT,Debt
INF109K017B9,Choice Finserv,60,D,Mutual Fund,ICICI Prudential Corporate Bond Fund - Direct Plan - Monthly IDCW,Debt
INF109K018B7,Choice Finserv,60,A,Mutual Fund,ICICI PRUDENTIAL CORPORATE BOND FUND - DIRECT PLAN - MONTHLY IDCW PAYOUT,Debt
INF109K019B5,Choice Finserv,60,B,Mutual Fund,ICICI Prudential Corporate Bond Fund - Direct Plan - Quarterly IDCW,Debt
INF109K012C8,Choice Finserv,60,C,Mutual Fund,ICICI PRUDENTIAL CORPORATE BOND FUND - DIRECT PLAN - QUARTERLY IDCW PAYOUT,Debt
INF109K010C2,Choice Finserv,60,D,Mutual Fund,ICICI Prudential Corporate Bond Fund - Direct Plan - Weekly IDCW,Debt
INF109K011C0,Choice Finserv,60,A,Mutual Fund,ICICI PRUDENTIAL CORPORATE BOND FUND - DIRECT PLAN - WEEKLY IDCW PAYOUT,Debt
INF109K01SJ2,Choice Finserv,60,B,Mutual Fund,ICICI Prudential Corporate Bond Fund - Fortnightly IDCW,Debt
INF109K01CS7,Choice Finserv,60,C,Mutual Fund,ICICI PRUDENTIAL CORPORATE BOND FUND - FORTNIGHTLY IDCW PAYOUT,Debt
INF109K01CQ1,Choice Finserv,60,D,Mutual Fund,ICICI PRUDENTIAL CORPORATE BOND FUND - GROWTH,Debt
INF109KA1N12,Choice Finserv,60,A,Mutual Fund,ICICI Prudential Corporate Bond Fund - Half Yearly IDCW Option,Debt
INF109KA1N04,Choice Finserv,60,B,Mutual Fund,ICICI PRUDENTIAL CORPORATE BOND FUND - HALF YEARLY IDCW PAYOUT,Debt
INF109K01SK0,Choice Finserv,60,C,Mutual Fund,ICICI Prudential Corporate Bond Fund - Monthly IDCW,Debt
INF109K01CT5,Choice Finserv,60,D,Mutual Fund,ICICI PRUDENTIAL CORPORATE BOND FUND - MONTHLY IDCW PAYOUT,Debt
INF109K01SO2,Choice Finserv,60,A,Mutual Fund,ICICI PRUDENTIAL CORPORATE BOND FUND - QUARTERLY IDCW PAYOUT,Debt
INF109K01SL8,Choice Finserv,60,B,Mutual Fund,ICICI Prudential Corporate Bond Fund - Weekly IDCW,Debt
INF109K01SM6,Choice Finserv,60,C,Mutual Fund,ICICI PRUDENTIAL CORPORATE BOND FUND - WEEKLY IDCW PAYOUT,Debt
INF109K01CL2,Choice Finserv,60,D,Mutual Fund,ICICI PRUDENTIAL CORPORATE BOND FUND PREMIUM DAILY DIVIDEND REINVESTMENT,Debt
INF109K01SN4,Choice Finserv,60,A,Mutual Fund,ICICI Prudential Corporate Bond Fund -Quarterly IDCW,Debt
INF109K01CF4,Choice Finserv,60,B,Mutual Fund,ICICI PRUDENTIAL CORPORATE BOND FUND RETAIL DAILY DIVIDEND REINVESTMENT,Debt
INF109K01SF0,Choice Finserv,60,C,Mutual Fund,ICICI Prudential Corporate Bond Fund Retail Fort Nightly Dividend,Debt
INF109K01CH0,Choice Finserv,60,D,Mutual Fund,ICICI PRUDENTIAL CORPORATE BOND FUND RETAIL FORT NIGHTLY DIVIDEND PAYOUT,Debt
INF109K01CE7,Choice Finserv,60,A,Mutual Fund,ICICI PRUDENTIAL CORPORATE BOND FUND RETAIL GROWTH,Debt
INF109K01QM0,Choice Finserv,60,B,Mutual Fund,ICICI Prudential Corporate Bond Fund Retail Monthly Dividend,Debt
INF109K01CI8,Choice Finserv,60,C,Mutual Fund,ICICI PRUDENTIAL CORPORATE BOND FUND RETAIL MONTHLY DIVIDEND PAYOUT,Debt
INF109K01FQ4,Choice Finserv,60,D,Mutual Fund,ICICI Prudential Corporate Bond Fund Retail Quarterly Dividend,Debt
INF109K01CJ6,Choice Finserv,60,A,Mutual Fund,ICICI PRUDENTIAL CORPORATE BOND FUND RETAIL QUARTERLY DIVIDEND PAYOUT,Debt
INF109K01SE3,Choice Finserv,60,B,Mutual Fund,ICICI Prudential Corporate Bond Fund Retail Weekly Dividend,Debt
INF109K01CG2,Choice Finserv,60,C,Mutual Fund,ICICI PRUDENTIAL CORPORATE BOND FUND RETAIL WEEKLY DIVIDEND PAYOUT,Debt
INF109KB1AF0,Choice Finserv,60,D,Mutual Fund,ICICI Prudential Credit Risk Fund - Annual IDCW,Debt
INF109KB1AG8,Choice Finserv,60,A,Mutual Fund,ICICI PRUDENTIAL CREDIT RISK FUND - ANNUAL IDCW PAYOUT,Debt
INF109KA1I27,Choice Finserv,60,B,Mutual Fund,ICICI PRUDENTIAL CREDIT RISK FUND - BONUS,Debt
INF109KB1AD5,Choice Finserv,60,C,Mutual Fund,ICICI Prudential Credit Risk Fund - Direct Plan - Annual IDCW,Debt
INF109KB1AE3,Choice Finserv,60,D,Mutual Fund,ICICI PRUDENTIAL CREDIT RISK FUND - DIRECT PLAN - ANNUAL IDCW PAYOUT,Debt
INF109K01V00,Choice Finserv,60,A,Mutual Fund,ICICI PRUDENTIAL CREDIT RISK FUND - DIRECT PLAN - GROWTH,Debt
INF109K01V18,Choice Finserv,60,B,Mutual Fund,ICICI Prudential Credit Risk Fund - Direct Plan - Half Yearly IDCW,Debt
INF109K01V26,Choice Finserv,60,C,Mutual Fund,ICICI PRUDENTIAL CREDIT RISK FUND - DIRECT PLAN - HALF YEARLY IDCW REINVESTMENT,Debt
INF109K01V34,Choice Finserv,60,D,Mutual Fund,ICICI Prudential Credit Risk Fund - Direct Plan - Quarterly IDCW,Debt
INF109K01V42,Choice Finserv,60,A,Mutual Fund,ICICI PRUDENTIAL CREDIT RISK FUND - DIRECT PLAN - QUARTERLY IDCW REINVESTMENT,Debt
INF109K01GU4,Choice Finserv,60,B,Mutual Fund,ICICI PRUDENTIAL CREDIT RISK FUND - GROWTH,Debt
INF109K01GX8,Choice Finserv,60,C,Mutual Fund,ICICI Prudential Credit Risk Fund - Half Yearly IDCW,Debt
INF109K01GY6,Choice Finserv,60,D,Mutual Fund,ICICI PRUDENTIAL CREDIT RISK FUND - HALF YEARLY IDCW PAYOUT,Debt
INF109K01GV2,Choice Finserv,60,A,Mutual Fund,ICICI Prudential Credit Risk Fund - Quarterly IDCW,Debt
INF109K01GW0,Choice Finserv,60,B,Mutual Fund,ICICI PRUDENTIAL CREDIT RISK FUND - QUARTERLY IDCW PAYOUT,Debt
INF109K01498,Choice Finserv,40,C,Mutual Fund,ICICI PRUDENTIAL EQUITY AND DEBT FUND - MONTHLY IDCW PAYOUT,Equity
INF109KA1I43,Choice Finserv,60,D,Mutual Fund,ICICI PRUDENTIAL FLOATING INTEREST FUND - BONUS,Debt
INF109K01AW3,Choice Finserv,60,A,Mutual Fund,ICICI PRUDENTIAL FLOATING INTEREST FUND - DAILY IDCW REINVESTMENT,Debt
INF109K01P24,Choice Finserv,60,B,Mutual Fund,ICICI PRUDENTIAL FLOATING INTEREST FUND - DIRECT PLAN - DAILY IDCW REINVESTMENT,Debt
INF109K01P40,Choice Finserv,60,C,Mutual Fund,ICICI PRUDENTIAL FLOATING INTEREST FUND - DIRECT PLAN - FORTNIGHTLY IDCW REINVESTMENT,Debt
INF109K01P57,Choice Finserv,60,D,Mutual Fund,ICICI PRUDENTIAL FLOATING INTEREST FUND - DIRECT PLAN - GROWTH,Debt
INF109K01P65,Choice Finserv,60,A,Mutual Fund,ICICI Prudential Floating Interest Fund - Direct Plan - IDCW Others,Debt
INF109K018Z6,Choice Finserv,60,B,Mutual Fund,ICICI Prudential Floating Interest Fund - Direct Plan - Monthly IDCW,Debt
INF109K017Z8,Choice Finserv,60,C,Mutual Fund,ICICI PRUDENTIAL FLOATING INTEREST FUND - DIRECT PLAN - MONTHLY IDCW REINVESTMENT,Debt
INF109K01P32,Choice Finserv,60,D,Mutual Fund,ICICI PRUDENTIAL FLOATING INTEREST FUND - DIRECT PLAN - OTHERS IDCW REINVESTMENT,Debt
INF109KA1012,Choice Finserv,60,A,Mutual Fund,ICICI Prudential Floating Interest Fund - Direct Plan - Quarterly IDCW,Debt
INF109K019Z4,Choice Finserv,60,B,Mutual Fund,ICICI PRUDENTIAL FLOATING INTEREST FUND - DIRECT PLAN - QUARTERLY IDCW REINVESTMENT,Debt
INF109K01P73,Choice Finserv,60,C,Mutual Fund,ICICI Prudential Floating Interest Fund - Direct Plan - Weekly IDCW,Debt
INF109K01P81,Choice Finserv,60,D,Mutual Fund,ICICI PRUDENTIAL FLOATING INTEREST FUND - DIRECT PLAN - WEEKLY IDCW PAYOUT,Debt
INF109K01AZ6,Choice Finserv,60,A,Mutual Fund,ICICI PRUDENTIAL FLOATING INTEREST FUND - FORTNIGHTLY IDCW PAYOUT,Debt
INF109K01AX1,Choice Finserv,60,B,Mutual Fund,ICICI PRUDENTIAL FLOATING INTEREST FUND - GROWTH,Debt
INF109K01WQ9,Choice Finserv,60,C,Mutual Fund,ICICI Prudential Floating Interest Fund - IDCW Others,Debt
INF109KA1038,Choice Finserv,60,D,Mutual Fund,ICICI Prudential Floating Interest Fund - Monthly IDCW,Debt
INF109KA1020,Choice Finserv,60,A,Mutual Fund,ICICI PRUDENTIAL FLOATING INTEREST FUND - MONTHLY IDCW PAYOUT,Debt
INF109K01WP1,Choice Finserv,60,B,Mutual Fund,ICICI PRUDENTIAL FLOATING INTEREST FUND - OTHERS IDCW PAYOUT,Debt
INF109KA1053,Choice Finserv,60,C,Mutual Fund,ICICI Prudential Floating Interest Fund - Quarterly IDCW,Debt
INF109KA1046,Choice Finserv,60,D,Mutual Fund,ICICI PRUDENTIAL FLOATING INTEREST FUND - QUARTERLY IDCW PAYOUT,Debt
INF109K01EN4,Choice Finserv,60,A,Mutual Fund,ICICI Prudential Floating Interest Fund - Weekly IDCW,Debt
INF109K01AY9,Choice Finserv,60,B,Mutual Fund,ICICI PRUDENTIAL FLOATING INTEREST FUND - WEEKLY IDCW PAYOUT,Debt
INF109K01928,Choice Finserv,60,C,Mutual Fund,ICICI PRUDENTIAL FLOATING INTEREST FUND A - DAILY DIVIDEND REINVESTMENT,Debt
INF109K01910,Choice Finserv,60,D,Mutual Fund,ICICI PRUDENTIAL FLOATING INTEREST FUND A - FORTNIGHTLY DIVIDEND REINVESTMENT,Debt
INF109K01936,Choice Finserv,60,A,Mutual Fund,ICICI PRUDENTIAL FLOATING INTEREST FUND A - GROWTH,Debt
INF109K01944,Choice Finserv,60,B,Mutual Fund,ICICI PRUDENTIAL FLOATING INTEREST FUND A - WEEKLY DIVIDEND PAYOUT,Debt
INF109K01951,Choice Finserv,60,C,Mutual Fund,ICICI PRUDENTIAL FLOATING INTEREST FUND B - DAILY DIVIDEND REINVESTMENT,Debt
INF109K01969,Choice Finserv,60,D,Mutual Fund,ICICI PRUDENTIAL FLOATING INTEREST FUND B - FORTNIGHTLY DIVIDEND REINVESTMENT,Debt
INF109K01977,Choice Finserv,60,A,Mutual Fund,ICICI PRUDENTIAL FLOATING INTEREST FUND B - GROWTH,Debt
INF109K01985,Choice Finserv,60,B,Mutual Fund,ICICI PRUDENTIAL FLOATING INTEREST FUND B - WEEKLY DIVIDEND PAYOUT,Debt
INF109K01AA9,Choice Finserv,60,C,Mutual Fund,ICICI PRUDENTIAL FLOATING INTEREST FUND C - DAILY DIVIDEND REINVESTMENT,Debt
INF109K01993,Choice Finserv,60,D,Mutual Fund,ICICI PRUDENTIAL FLOATING INTEREST FUND C - FORTNIGHTLY DIVIDEND REINVESTMENT,Debt
INF109K01EK0,Choice Finserv,60,A,Mutual Fund,ICICI Prudential Floating Interest Fund Plan A - Weekly Dividend Option,Debt
INF109K01EL8,Choice Finserv,60,B,Mutual Fund,ICICI Prudential Floating Interest Fund Plan B - Weekly Dividend Option,Debt
INF109K018C5,Choice Finserv,60,C,Mutual Fund,ICICI PRUDENTIAL GILT FUND - DIRECT PLAN - GROWTH,Debt
INF109K016C9,Choice Finserv,60,D,Mutual Fund,ICICI Prudential Gilt Fund - Direct Plan - IDCW,Debt
INF109K017C7,Choice Finserv,60,A,Mutual Fund,ICICI PRUDENTIAL GILT FUND - DIRECT PLAN - IDCW PAYOUT,Debt
INF109KA1H02,Choice Finserv,60,B,Mutual Fund,ICICI PRUDENTIAL GILT FUND - DIRECT PLAN BONUS,Debt
INF109K01JR4,Choice Finserv,60,C,Mutual Fund,ICICI PRUDENTIAL GILT FUND - GROWTH,Debt
INF109K01JQ6,Choice Finserv,60,D,Mutual Fund,ICICI Prudential Gilt Fund - IDCW,Debt
INF109K01JP8,Choice Finserv,60,A,Mutual Fund,ICICI PRUDENTIAL GILT FUND - IDCW PAYOUT,Debt
INF109K01AT9,Choice Finserv,40,B,Mutual Fund,ICICI PRUDENTIAL INFRASTRUCTURE FUND - IDCW PAYOUT,Equity
INF109K01VC1,Choice Finserv,60,C,Mutual Fund,ICICI PRUDENTIAL LIQUID FUND - ANNUAL IDCW PAYOUT,Debt
INF109K01VP3,Choice Finserv,60,D,Mutual Fund,ICICI PRUDENTIAL LIQUID FUND - DAILY IDCW REINVESTMENT,Debt
INF109K01P99,Choice Finserv,60,A,Mutual Fund,ICICI Prudential Liquid Fund - Direct Plan -  Annual IDCW,Debt
INF109K01Q56,Choice Finserv,60,B,Mutual Fund,ICICI Prudential Liquid Fund - Direct Plan -  Half Yearly IDCW,Debt
INF109K01Q07,Choice Finserv,60,C,Mutual Fund,ICICI PRUDENTIAL LIQUID FUND - DIRECT PLAN - ANNUAL IDCW PAYOUT,Debt
INF109KA1G86,Choice Finserv,60,D,Mutual Fund,ICICI PRUDENTIAL LIQUID FUND - DIRECT PLAN - BONUS,Debt
INF109K01Q15,Choice Finserv,60,A,Mutual Fund,ICICI PRUDENTIAL LIQUID FUND - DIRECT PLAN - DAILY IDCW REINVESTMENT,Debt
INF109K01Q49,Choice Finserv,60,B,Mutual Fund,ICICI PRUDENTIAL LIQUID FUND - DIRECT PLAN - GROWTH,Debt
INF109K01Q64,Choice Finserv,60,C,Mutual Fund,ICICI PRUDENTIAL LIQUID FUND - DIRECT PLAN - HALF YEARLY IDCW PAYOUT,Debt
INF109K01R06,Choice Finserv,60,D,Mutual Fund,ICICI PRUDENTIAL LIQUID FUND - DIRECT PLAN - MONTHLY IDCW REINVESTMENT,Debt
INF109K01Q72,Choice Finserv,60,A,Mutual Fund,ICICI Prudential Liquid Fund - Direct Plan - Quarterly IDCW,Debt
INF109K01Q80,Choice Finserv,60,B,Mutual Fund,ICICI PRUDENTIAL LIQUID FUND - DIRECT PLAN - QUARTERLY IDCW PAYOUT,Debt
INF109K01Q98,Choice Finserv,60,C,Mutual Fund,ICICI PRUDENTIAL LIQUID FUND - DIRECT PLAN - WEEKLY IDCW REINVESTMENT,Debt
INF109K01VQ1,Choice Finserv,60,D,Mutual Fund,ICICI PRUDENTIAL LIQUID FUND - GROWTH,Debt
INF109K01UX9,Choice Finserv,60,A,Mutual Fund,ICICI Prudential Liquid Fund - Half Yearly IDCW,Debt
INF109K01UW1,Choice Finserv,60,B,Mutual Fund,ICICI PRUDENTIAL LIQUID FUND - HALF YEARLY IDCW PAYOUT,Debt
INF109K01VU3,Choice Finserv,60,C,Mutual Fund,ICICI Prudential Liquid Fund - IDCW Others,Debt
INF109K01VT5,Choice Finserv,60,D,Mutual Fund,ICICI PRUDENTIAL LIQUID FUND - IDCW PAYOUT,Debt
INF109K01VE7,Choice Finserv,60,A,Mutual Fund,ICICI PRUDENTIAL LIQUID FUND - INSTITUTIONAL - DAILY - DIV REINVESTMENT,Debt
INF109K01VH0,Choice Finserv,60,B,Mutual Fund,ICICI PRUDENTIAL LIQUID FUND - INSTITUTIONAL OPTION - I,Debt
INF109K01VF4,Choice Finserv,60,C,Mutual Fund,ICICI PRUDENTIAL LIQUID FUND - INSTITUTIONAL PLAN - GROWTH,Debt
INF109K01VJ6,Choice Finserv,60,D,Mutual Fund,ICICI PRUDENTIAL LIQUID FUND - INSTITUTIONAL PLUS PLAN - DIV - DAILY REINVESTMENT,Debt
INF109K01VR9,Choice Finserv,60,A,Mutual Fund,ICICI PRUDENTIAL LIQUID FUND - MONTHLY IDCW PAYOUT,Debt
INF109K01UT7,Choice Finserv,60,B,Mutual Fund,ICICI PRUDENTIAL LIQUID FUND - QUARTERLY IDCW PAYOUT,Debt
INF109K01UR1,Choice Finserv,60,C,Mutual Fund,ICICI PRUDENTIAL LIQUID FUND - RETAIL DAILY DIVIDEND REINVESTMENT,Debt
INF109K01UQ3,Choice Finserv,60,D,Mutual Fund,ICICI PRUDENTIAL LIQUID FUND - RETAIL GROWTH,Debt
INF109K01US9,Choice Finserv,60,A,Mutual Fund,ICICI PRUDENTIAL LIQUID FUND - RETAIL MONTHLY DIVIDEND PAYOUT,Debt
INF109K01UV3,Choice Finserv,60,B,Mutual Fund,ICICI PRUDENTIAL LIQUID FUND - RETAIL WEEKLY DIVIDEND REINVESTMENT,Debt
INF109K01VS7,Choice Finserv,60,C,Mutual Fund,ICICI PRUDENTIAL LIQUID FUND - WEEKLY IDCW REINVESTMENT,Debt
INF109K01UU5,Choice Finserv,60,D,Mutual Fund,ICICI Prudential Liquid Fund -Quarterly IDCW,Debt
INF109K01VD9,Choice Finserv,60,A,Mutual Fund,ICICI Prudential Liquid Fund-Annual IDCW,Debt
INF109KA11C4,Choice Finserv,60,B,Mutual Fund,ICICI Prudential Long Term Bond Fund - Annual IDCW,Debt
INF109KA10C6,Choice Finserv,60,C,Mutual Fund,ICICI PRUDENTIAL LONG TERM BOND FUND - ANNUAL IDCW PAYOUT,Debt
INF109KA1335,Choice Finserv,60,D,Mutual Fund,ICICI PRUDENTIAL LONG TERM BOND FUND - BONUS,Debt
INF109KA12C2,Choice Finserv,60,A,Mutual Fund,ICICI PRUDENTIAL LONG TERM BOND FUND - DIRECT PLAN - ANNUAL IDCW PAYOUT,Debt
INF109K017L8,Choice Finserv,60,B,Mutual Fund,ICICI PRUDENTIAL LONG TERM BOND FUND - DIRECT PLAN - GROWTH,Debt
INF109K018L6,Choice Finserv,60,C,Mutual Fund,ICICI Prudential Long Term Bond Fund - Direct Plan - Half Yearly IDCW,Debt
INF109K019L4,Choice Finserv,60,D,Mutual Fund,ICICI PRUDENTIAL LONG TERM BOND FUND - DIRECT PLAN - HALF YEARLY IDCW PAYOUT,Debt
INF109K010M1,Choice Finserv,60,A,Mutual Fund,ICICI Prudential Long Term Bond Fund - Direct Plan - Quarterly IDCW,Debt
INF109K011M9,Choice Finserv,60,B,Mutual Fund,ICICI PRUDENTIAL LONG TERM BOND FUND - DIRECT PLAN - QUARTERLY IDCW PAYOUT,Debt
INF109K01365,Choice Finserv,60,C,Mutual Fund,ICICI PRUDENTIAL LONG TERM BOND FUND - GROWTH,Debt
INF109K01EX3,Choice Finserv,60,D,Mutual Fund,ICICI Prudential Long Term Bond Fund - Half Yearly IDCW,Debt
INF109K01357,Choice Finserv,60,A,Mutual Fund,ICICI PRUDENTIAL LONG TERM BOND FUND - HALF YEARLY IDCW PAYOUT,Debt
INF109K01EW5,Choice Finserv,60,B,Mutual Fund,ICICI Prudential Long Term Bond Fund - Institutional Dividend Halfyearly,Debt
INF109K01407,Choice Finserv,60,C,Mutual Fund,ICICI PRUDENTIAL LONG TERM BOND FUND - INSTITUTIONAL GROWTH,Debt
INF109K01381,Choice Finserv,60,D,Mutual Fund,ICICI PRUDENTIAL LONG TERM BOND FUND - INSTITUTIONAL QUARTERLY IDCW REINVESTMENT,Debt
INF109K01EZ8,Choice Finserv,60,A,Mutual Fund,ICICI Prudential Long Term Bond Fund - Quarterly IDCW,Debt
INF109K01399,Choice Finserv,60,B,Mutual Fund,ICICI PRUDENTIAL LONG TERM BOND FUND - QUARTERLY IDCW PAYOUT,Debt
INF109KA13C0,Choice Finserv,60,C,Mutual Fund,ICICI Prudential Long Term Bond Fund Direct Plan - Annual IDCW,Debt
INF109K01EY1,Choice Finserv,60,D,Mutual Fund,ICICI Prudential Long Term Bond Fund-Institutional Quarterly Dividend,Debt
INF109KA12G3,Choice Finserv,60,A,Mutual Fund,ICICI Prudential Medium Term Bond Fund - Annual IDCW,Debt
INF109KA13G1,Choice Finserv,60,B,Mutual Fund,ICICI PRUDENTIAL MEDIUM TERM BOND FUND - ANNUAL IDCW PAYOUT,Debt
INF109KA1B99,Choice Finserv,60,C,Mutual Fund,ICICI PRUDENTIAL MEDIUM TERM BOND FUND - BONUS,Debt
INF109KA11G5,Choice Finserv,60,D,Mutual Fund,ICICI PRUDENTIAL MEDIUM TERM BOND FUND - DIRECT PLAN - ANNUAL IDCW PAYOUT,Debt
INF109K015A5,Choice Finserv,60,A,Mutual Fund,ICICI PRUDENTIAL MEDIUM TERM BOND FUND - DIRECT PLAN - GROWTH,Debt
INF109K016A3,Choice Finserv,60,B,Mutual Fund,ICICI Prudential Medium Term Bond Fund - Direct Plan - Half Yearly IDCW,Debt
INF109K017A1,Choice Finserv,60,C,Mutual Fund,ICICI PRUDENTIAL MEDIUM TERM BOND FUND - DIRECT PLAN - HALF YEARLY IDCW REINVESTMENT,Debt
INF109K018A9,Choice Finserv,60,D,Mutual Fund,ICICI Prudential Medium Term Bond Fund - Direct Plan - Quarterly IDCW,Debt
INF109K019A7,Choice Finserv,60,A,Mutual Fund,ICICI PRUDENTIAL MEDIUM TERM BOND FUND - DIRECT PLAN - QUARTERLY IDCW REINVESTMENT,Debt
INF109KA1B81,Choice Finserv,60,B,Mutual Fund,ICICI PRUDENTIAL MEDIUM TERM BOND FUND - DIRECT PLAN BONUS,Debt
INF109K01AH4,Choice Finserv,60,C,Mutual Fund,ICICI PRUDENTIAL MEDIUM TERM BOND FUND - GROWTH,Debt
INF109K01B53,Choice Finserv,60,D,Mutual Fund,ICICI Prudential Medium Term Bond Fund - Half Yearly IDCW,Debt
INF109K01B61,Choice Finserv,60,A,Mutual Fund,ICICI PRUDENTIAL MEDIUM TERM BOND FUND - HALF YEARLY IDCW PAYOUT,Debt
INF109K01UF6,Choice Finserv,60,B,Mutual Fund,ICICI Prudential Medium Term Bond Fund - Quarterly IDCW,Debt
INF109K01IO3,Choice Finserv,60,C,Mutual Fund,ICICI PRUDENTIAL MEDIUM TERM BOND FUND - QUARTERLY IDCW PAYOUT,Debt
INF109K01AJ0,Choice Finserv,60,D,Mutual Fund,ICICI PRUDENTIAL MEDIUM TERM BOND FUND B - GROWTH,Debt
INF109K01B87,Choice Finserv,60,A,Mutual Fund,ICICI PRUDENTIAL MEDIUM TERM BOND FUND B - HALF YEARLY IDCW REINVESTMENT,Debt
INF109K01IQ8,Choice Finserv,60,B,Mutual Fund,ICICI PRUDENTIAL MEDIUM TERM BOND FUND B - QUARTERLY IDCW PAYOUT,Debt
INF109KA10G7,Choice Finserv,60,C,Mutual Fund,ICICI Prudential Medium Term Bond Fund -Direct Plan - Annual IDCW,Debt
INF109K01UI0,Choice Finserv,60,D,Mutual Fund,ICICI Prudential Medium Term Bond Fund Plan B - Quarterly Dividend,Debt
INF109K01TY9,Choice Finserv,60,A,Mutual Fund,ICICI PRUDENTIAL MONEY MARKET FUND - DAILY IDCW REINVESTMENT,Debt
INF109K01R22,Choice Finserv,60,B,Mutual Fund,ICICI PRUDENTIAL MONEY MARKET FUND - DIRECT PLAN - DAILY IDCW REINVESTMENT,Debt
INF109K01R55,Choice Finserv,60,C,Mutual Fund,ICICI PRUDENTIAL MONEY MARKET FUND - DIRECT PLAN - FORTNIGHTLY IDCW REINVESTMENT,Debt
INF109K01R14,Choice Finserv,60,D,Mutual Fund,ICICI PRUDENTIAL MONEY MARKET FUND - DIRECT PLAN - GROWTH,Debt
INF109K01R30,Choice Finserv,60,A,Mutual Fund,ICICI PRUDENTIAL MONEY MARKET FUND - DIRECT PLAN - IDCW REINVESTMENT OTHERS,Debt
INF109K01R71,Choice Finserv,60,B,Mutual Fund,ICICI PRUDENTIAL MONEY MARKET FUND - DIRECT PLAN - MONTHLY IDCW PAYOUT,Debt
INF109K01R89,Choice Finserv,60,C,Mutual Fund,ICICI PRUDENTIAL MONEY MARKET FUND - DIRECT PLAN - WEEKLY IDCW REINVESTMENT,Debt
INF109KA1H85,Choice Finserv,60,D,Mutual Fund,ICICI PRUDENTIAL MONEY MARKET FUND - DIRECT PLAN BONUS,Debt
INF109K01UA7,Choice Finserv,60,A,Mutual Fund,ICICI PRUDENTIAL MONEY MARKET FUND - FORTNIGHTLY IDCW REINVESTMENT,Debt
INF109K01TX1,Choice Finserv,60,B,Mutual Fund,ICICI PRUDENTIAL MONEY MARKET FUND - GROWTH,Debt
INF109K01I64,Choice Finserv,60,C,Mutual Fund,ICICI PRUDENTIAL MONEY MARKET FUND - IDCW PAYOUT OTHERS,Debt
INF109K01UB5,Choice Finserv,60,D,Mutual Fund,ICICI PRUDENTIAL MONEY MARKET FUND - MONTHLY IDCW PAYOUT,Debt
INF109K01TZ6,Choice Finserv,60,A,Mutual Fund,ICICI PRUDENTIAL MONEY MARKET FUND - WEEKLY IDCW REINVESTMENT,Debt
INF109K01I72,Choice Finserv,60,B,Mutual Fund,ICICI Prudential Money Market Fund Dividend,Debt
INF109K01TW3,Choice Finserv,60,C,Mutual Fund,ICICI PRUDENTIAL MONEY MARKET FUND GROWTH,Debt
INF109K01R63,Choice Finserv,60,D,Mutual Fund,ICICI Prudential Money Market Fund Option - Direct Plan -  Monthly IDCW,Debt
INF109K01UC3,Choice Finserv,60,A,Mutual Fund,ICICI Prudential Money Market Fund Option - Monthly IDCW,Debt
INF109K01761,Choice Finserv,40,B,Mutual Fund,ICICI PRUDENTIAL MULTI-ASSET FUND - GROWTH,Equity
INF109K01779,Choice Finserv,40,C,Mutual Fund,ICICI PRUDENTIAL MULTI-ASSET FUND - IDCW PAYOUT,Equity
INF109KA1I92,Choice Finserv,60,D,Mutual Fund,ICICI PRUDENTIAL SAVINGS FUND - BONUS,Debt
INF109K01738,Choice Finserv,60,A,Mutual Fund,ICICI PRUDENTIAL SAVINGS FUND - DAILY IDCW REINVESTMENT,Debt
INF109K01O66,Choice Finserv,60,B,Mutual Fund,ICICI PRUDENTIAL SAVINGS FUND - DIRECT PLAN - DAILY IDCW REINVESTMENT,Debt
INF109K016Y3,Choice Finserv,60,C,Mutual Fund,ICICI Prudential Savings Fund - Direct Plan - Fortnightly IDCW,Debt
INF109K015Y5,Choice Finserv,60,D,Mutual Fund,ICICI PRUDENTIAL SAVINGS FUND - DIRECT PLAN - FORTNIGHTLY IDCW REINVESTMENT,Debt
INF109K01O82,Choice Finserv,60,A,Mutual Fund,ICICI PRUDENTIAL SAVINGS FUND - DIRECT PLAN - GROWTH,Debt
INF109K01O90,Choice Finserv,60,B,Mutual Fund,ICICI Prudential Savings Fund - Direct Plan - IDCW Others,Debt
INF109K01O74,Choice Finserv,60,C,Mutual Fund,ICICI PRUDENTIAL SAVINGS FUND - DIRECT PLAN - IDCW REINVESTMENT,Debt
INF109K018Y9,Choice Finserv,60,D,Mutual Fund,ICICI Prudential Savings Fund - Direct Plan - Monthly IDCW,Debt
INF109K017Y1,Choice Finserv,60,A,Mutual Fund,ICICI PRUDENTIAL SAVINGS FUND - DIRECT PLAN - MONTHLY IDCW REINVESTMENT,Debt
INF109K010Z3,Choice Finserv,60,B,Mutual Fund,ICICI Prudential Savings Fund - Direct Plan - Quarterly IDCW,Debt
INF109K019Y7,Choice Finserv,60,C,Mutual Fund,ICICI PRUDENTIAL SAVINGS FUND - DIRECT PLAN - QUARTERLY IDCW REINVESTMENT,Debt
INF109K01P08,Choice Finserv,60,D,Mutual Fund,ICICI Prudential Savings Fund - Direct Plan - Weekly IDCW,Debt
INF109K01P16,Choice Finserv,60,A,Mutual Fund,ICICI PRUDENTIAL SAVINGS FUND - DIRECT PLAN - WEEKLY IDCW PAYOUT,Debt
INF109K012Z9,Choice Finserv,60,B,Mutual Fund,ICICI Prudential Savings Fund - Fortnightly IDCW,Debt
INF109K011Z1,Choice Finserv,60,C,Mutual Fund,ICICI PRUDENTIAL SAVINGS FUND - FORTNIGHTLY IDCW PAYOUT,Debt
INF109K01746,Choice Finserv,60,D,Mutual Fund,ICICI PRUDENTIAL SAVINGS FUND - GROWTH,Debt
INF109K01WO4,Choice Finserv,60,A,Mutual Fund,ICICI Prudential Savings Fund - IDCW Others,Debt
INF109K01WN6,Choice Finserv,60,B,Mutual Fund,ICICI PRUDENTIAL SAVINGS FUND - IDCW PAYOUT,Debt
INF109K014Z5,Choice Finserv,60,C,Mutual Fund,ICICI Prudential Savings Fund - Monthly IDCW,Debt
INF109K013Z7,Choice Finserv,60,D,Mutual Fund,ICICI PRUDENTIAL SAVINGS FUND - MONTHLY IDCW PAYOUT,Debt
INF109K016Z0,Choice Finserv,60,A,Mutual Fund,ICICI Prudential Savings Fund - Quarterly IDCW,Debt
INF109K015Z2,Choice Finserv,60,B,Mutual Fund,ICICI PRUDENTIAL SAVINGS FUND - QUARTERLY IDCW PAYOUT,Debt
INF109K01BW1,Choice Finserv,60,C,Mutual Fund,ICICI PRUDENTIAL SAVINGS FUND - RETAIL DAILY IDCW REINVESTMENT,Debt
INF109K01BX9,Choice Finserv,60,D,Mutual Fund,ICICI PRUDENTIAL SAVINGS FUND - RETAIL GROWTH,Debt
INF109K01JO1,Choice Finserv,60,A,Mutual Fund,ICICI Prudential Savings Fund - Weekly IDCW,Debt
INF109K01753,Choice Finserv,60,B,Mutual Fund,ICICI PRUDENTIAL SAVINGS FUND - WEEKLY IDCW PAYOUT,Debt
INF109K01EI4,Choice Finserv,60,C,Mutual Fund,ICICI Prudential Savings Fund Retail Daily Dividend,Debt
INF109K01EJ2,Choice Finserv,60,D,Mutual Fund,ICICI Prudential Savings Fund Retail Weekly Dividend,Debt
INF109KA1376,Choice Finserv,60,A,Mutual Fund,ICICI PRUDENTIAL SHORT TERM FUND - BONUS,Debt
INF109K012N5,Choice Finserv,60,B,Mutual Fund,ICICI PRUDENTIAL SHORT TERM FUND - DIRECT PLAN - FORTNIGHTLY IDCW REINVESTMENT,Debt
INF109K013N3,Choice Finserv,60,C,Mutual Fund,ICICI PRUDENTIAL SHORT TERM FUND - DIRECT PLAN - GROWTH OPTION,Debt
INF109KA1X36,Choice Finserv,60,D,Mutual Fund,ICICI Prudential Short Term Fund - Direct Plan - Half Yearly IDCW,Debt
INF109KA1X28,Choice Finserv,60,A,Mutual Fund,ICICI PRUDENTIAL SHORT TERM FUND - DIRECT PLAN - HALF YEARLY IDCW PAYOUT,Debt
INF109K014N1,Choice Finserv,60,B,Mutual Fund,ICICI Prudential Short Term Fund - Direct Plan - Monthly IDCW,Debt
INF109K015N8,Choice Finserv,60,C,Mutual Fund,ICICI PRUDENTIAL SHORT TERM FUND - DIRECT PLAN - MONTHLY IDCW PAYOUT,Debt
INF109K01662,Choice Finserv,60,D,Mutual Fund,ICICI PRUDENTIAL SHORT TERM FUND - FORTNIGHTLY IDCW PAYOUT,Debt
INF109K01654,Choice Finserv,60,A,Mutual Fund,ICICI PRUDENTIAL SHORT TERM FUND - GROWTH OPTION,Debt
INF109KA1X10,Choice Finserv,60,B,Mutual Fund,ICICI Prudential Short Term Fund - Half Yearly IDCW,Debt
INF109KA1X02,Choice Finserv,60,C,Mutual Fund,ICICI PRUDENTIAL SHORT TERM FUND - HALF YEARLY IDCW PAYOUT,Debt
INF109K01696,Choice Finserv,60,D,Mutual Fund,ICICI PRUDENTIAL SHORT TERM FUND - INSTITUTIONAL CUMULATIVE OPTION,Debt
INF109K01688,Choice Finserv,60,A,Mutual Fund,ICICI PRUDENTIAL SHORT TERM FUND - INSTITUTIONAL FORTNIGHTLY IDCW REINVESTMENT,Debt
INF109K01WL0,Choice Finserv,60,B,Mutual Fund,ICICI Prudential Short Term Fund - Monthly IDCW,Debt
INF109K01647,Choice Finserv,60,C,Mutual Fund,ICICI PRUDENTIAL SHORT TERM FUND - MONTHLY IDCW PAYOUT,Debt
INF109K01T12,Choice Finserv,60,D,Mutual Fund,ICICI Prudential Ultra Short Term Fund - Direct Plan -  Half Yearly IDCW,Debt
INF109K01T38,Choice Finserv,60,A,Mutual Fund,ICICI Prudential Ultra Short Term Fund - Direct Plan -  Monthly IDCW,Debt
INF109K01T53,Choice Finserv,60,B,Mutual Fund,ICICI Prudential Ultra Short Term Fund - Direct Plan -  Quarterly IDCW,Debt
INF109KA1H69,Choice Finserv,60,C,Mutual Fund,ICICI PRUDENTIAL ULTRA SHORT TERM FUND - DIRECT PLAN - BONUS,Debt
INF109K01T04,Choice Finserv,60,D,Mutual Fund,ICICI PRUDENTIAL ULTRA SHORT TERM FUND - DIRECT PLAN - GROWTH,Debt
INF109K01T20,Choice Finserv,60,A,Mutual Fund,ICICI PRUDENTIAL ULTRA SHORT TERM FUND - DIRECT PLAN - HALF YEARLY IDCW REINVESTMENT,Debt
INF109K01T46,Choice Finserv,60,B,Mutual Fund,ICICI PRUDENTIAL ULTRA SHORT TERM FUND - DIRECT PLAN - MONTHLY IDCW REINVESTMENT,Debt
INF109K01T61,Choice Finserv,60,C,Mutual Fund,ICICI PRUDENTIAL ULTRA SHORT TERM FUND - DIRECT PLAN - QUARTERLY IDCW REINVESTMENT,Debt
INF109K01TP7,Choice Finserv,60,D,Mutual Fund,ICICI PRUDENTIAL ULTRA SHORT TERM FUND - GROWTH,Debt
INF109K01TV5,Choice Finserv,60,A,Mutual Fund,ICICI Prudential Ultra Short Term Fund - Half Yearly IDCW,Debt
INF109K01TU7,Choice Finserv,60,B,Mutual Fund,ICICI PRUDENTIAL ULTRA SHORT TERM FUND - HALF YEARLY IDCW PAYOUT,Debt
INF109K01TR3,Choice Finserv,60,C,Mutual Fund,ICICI Prudential Ultra Short Term Fund - Monthly IDCW,Debt
INF109K01TQ5,Choice Finserv,60,D,Mutual Fund,ICICI PRUDENTIAL ULTRA SHORT TERM FUND - MONTHLY IDCW PAYOUT,Debt
INF109K01TT9,Choice Finserv,60,A,Mutual Fund,ICICI Prudential Ultra Short Term Fund - Quarterly IDCW,Debt
INF109K01TS1,Choice Finserv,60,B,Mutual Fund,ICICI PRUDENTIAL ULTRA SHORT TERM FUND - QUARTERLY IDCW PAYOUT,Debt
INF179KA1JC4,Choice Finserv,60,C,Mutual Fund,HDFC Banking and PSU Debt Fund - Growth Option,Debt
INF179KA1IZ7,Choice Finserv,60,D,Mutual Fund,HDFC Banking and PSU Debt Fund - Growth Option - Direct Plan,Debt
INF179KA1JD2,Choice Finserv,60,A,Mutual Fund,HDFC Banking and PSU Debt Fund - IDCW Option,Debt
INF179KA1JA8,Choice Finserv,60,B,Mutual Fund,HDFC Banking and PSU Debt Fund - IDCW Option - Direct Plan,Debt
INF179K01DC2,Choice Finserv,60,C,Mutual Fund,HDFC Corporate Bond Fund - Growth Option,Debt
INF179KA1D33,Choice Finserv,60,D,Mutual Fund,HDFC Corporate Bond Fund - IDCW Option,Debt
INF179KA1D17,Choice Finserv,60,A,Mutual Fund,HDFC Corporate Bond Fund - IDCW Option - Direct Plan,Debt
INF179K01DD0,Choice Finserv,60,B,Mutual Fund,HDFC Corporate Bond Fund - Quarterly IDCW Option,Debt
INF179K01XB2,Choice Finserv,60,C,Mutual Fund,HDFC Corporate Bond Fund - Quarterly IDCW Option - Direct Plan,Debt
INF179K01848,Choice Finserv,60,D,Mutual Fund,HDFC Dynamic Debt Fund - Growth Option,Debt
INF179K01WB4,Choice Finserv,60,A,Mutual Fund,HDFC Dynamic Debt Fund - Growth Option - Direct Plan,Debt
INF179K01WC2,Choice Finserv,60,B,Mutual Fund,HDFC Dynamic Debt Fund - Half Yearly IDCW - Direct Plan,Debt
INF179K01855,Choice Finserv,60,C,Mutual Fund,HDFC Dynamic Debt Fund - Half Yearly IDCW Option,Debt
INF179KA1Q95,Choice Finserv,60,D,Mutual Fund,HDFC Dynamic Debt Fund - Normal IDCW - Direct Plan,Debt
INF179KA1R11,Choice Finserv,60,A,Mutual Fund,HDFC Dynamic Debt Fund - Normal IDCW Option,Debt
INF179K01WE8,Choice Finserv,60,B,Mutual Fund,HDFC Dynamic Debt Fund - Quarterly IDCW - Direct Plan,Debt
INF179K01871,Choice Finserv,60,C,Mutual Fund,HDFC Dynamic Debt Fund - Quarterly IDCW Option,Debt
INF179K01WG3,Choice Finserv,60,D,Mutual Fund,HDFC Dynamic Debt Fund - Yearly IDCW - Direct Plan,Debt
INF179K01921,Choice Finserv,60,A,Mutual Fund,HDFC Dynamic Debt Fund - Yearly IDCW Option,Debt
INF179K01VQ4,Choice Finserv,60,B,Mutual Fund,HDFC Floating Rate Debt Fund - Direct Plan - Growth Option,Debt
INF179K01VO9,Choice Finserv,60,C,Mutual Fund,HDFC Floating Rate Debt Fund - Direct Plan - Monthly IDCW,Debt
INF179K01707,Choice Finserv,60,D,Mutual Fund,HDFC Floating Rate Debt Fund - Growth Option,Debt
INF179K01715,Choice Finserv,60,A,Mutual Fund,HDFC Floating Rate Debt Fund - Monthly IDCW Option,Debt
INF179K01731,Choice Finserv,60,B,Mutual Fund,HDFC Floating Rate Debt Fund - Weekly IDCW Option,Debt
INF179K01756,Choice Finserv,60,C,Mutual Fund,HDFC Gilt Fund - Growth Plan,Debt
INF179K01VR2,Choice Finserv,60,D,Mutual Fund,HDFC Gilt Fund - IDCW Option - Direct Plan,Debt
INF179K01772,Choice Finserv,60,A,Mutual Fund,HDFC Gilt Fund - IDCW Plan,Debt
INF179KA1Q12,Choice Finserv,60,B,Mutual Fund,HDFC Income Fund - Normal IDCW - Direct Plan,Debt
INF179KA1Q38,Choice Finserv,60,C,Mutual Fund,HDFC Income Fund - Normal IDCW Option,Debt
INF179K01WJ7,Choice Finserv,60,D,Mutual Fund,HDFC Income Fund - Quarterly IDCW- Direct Plan,Debt
INF179KB1HP9,Choice Finserv,60,A,Mutual Fund,HDFC Liquid Fund - Growth Option - Direct Plan,Debt
INF179KB1HK0,Choice Finserv,60,B,Mutual Fund,HDFC Liquid Fund - Growth Plan,Debt
INF179KB1HM6,Choice Finserv,60,C,Mutual Fund,HDFC Liquid Fund - IDCW Monthly,Debt
INF179KB1HO2,Choice Finserv,60,D,Mutual Fund,HDFC Liquid Fund - IDCW Monthly - Direct Plan,Debt
INF179K01VF7,Choice Finserv,60,A,Mutual Fund,HDFC Low Duration  Fund - Direct Plan - Growth,Debt
INF179K01VG5,Choice Finserv,60,B,Mutual Fund,HDFC Low Duration  Fund - Direct Plan - Monthly IDCW,Debt
INF179K01442,Choice Finserv,60,C,Mutual Fund,HDFC Low Duration  Fund - Growth,Debt
INF179K01459,Choice Finserv,60,D,Mutual Fund,HDFC Low Duration  Fund - Monthly IDCW,Debt
INF179K01475,Choice Finserv,60,A,Mutual Fund,HDFC Low Duration  Fund - Weekly IDCW,Debt
INF179K01897,Choice Finserv,60,B,Mutual Fund,HDFC Medium Term Debt Fund - Fornightly IDCW Option,Debt
INF179KA1NP8,Choice Finserv,60,C,Mutual Fund,HDFC Medium Term Debt Fund - Fortnightly IDCW Opt - Direct Plan,Debt
INF179K01913,Choice Finserv,60,D,Mutual Fund,HDFC Medium Term Debt Fund - Growth Option,Debt
INF179K01WI9,Choice Finserv,60,A,Mutual Fund,HDFC Medium Term Debt Fund - Growth Option - Direct Plan,Debt
INF179KA1E16,Choice Finserv,60,B,Mutual Fund,HDFC Medium Term Debt Fund - IDCW Option,Debt
INF179KA1D90,Choice Finserv,60,C,Mutual Fund,HDFC Medium Term Debt Fund - IDCW Option - Direct Plan,Debt
INF179KB1HR5,Choice Finserv,60,D,Mutual Fund,HDFC Money Market Fund - Growth Option,Debt
INF179KB1HU9,Choice Finserv,60,A,Mutual Fund,HDFC Money Market Fund - Growth Option - Direct Plan,Debt
INF179K01CV4,Choice Finserv,60,B,Mutual Fund,HDFC Short Term  Debt Fund - Fortnightly IDCW Option,Debt
INF179K01CU6,Choice Finserv,60,C,Mutual Fund,HDFC Short Term  Debt Fund - Growth Option,Debt
INF179K01YM7,Choice Finserv,60,D,Mutual Fund,HDFC Short Term  Debt Fund - Growth Option - Direct Plan,Debt
INF179KA1Q53,Choice Finserv,60,A,Mutual Fund,HDFC Short Term  Debt Fund - Normal IDCW - Direct Plan,Debt
INF179KA1Q79,Choice Finserv,60,B,Mutual Fund,HDFC Short Term  Debt Fund - Normal IDCW Option,Debt
INF179K01DE8,Choice Finserv,60,C,Mutual Fund,HDFC Corp Bond Fund(Q-IDCW Reinv),Debt
INF179K01XC0,Choice Finserv,60,D,Mutual Fund,HDFC Corp Bond Fund(Q-IDCW Reinv)-Direct Plan,Debt
INF179K01939,Choice Finserv,60,A,Mutual Fund,HDFC Dynamic Debt Fund(A-IDCW Reinv),Debt
INF179K01863,Choice Finserv,60,B,Mutual Fund,HDFC Dynamic Debt Fund(H-IDCW Reinv),Debt
INF179K01WD0,Choice Finserv,60,C,Mutual Fund,HDFC Dynamic Debt Fund(H-IDCW Reinv)-Direct Plan,Debt
INF179K01889,Choice Finserv,60,D,Mutual Fund,HDFC Dynamic Debt Fund(Q-IDCW Reinv),Debt
INF179K01WF5,Choice Finserv,60,A,Mutual Fund,HDFC Dynamic Debt Fund(Q-IDCW Reinv)-Direct Plan,Debt
INF179K01699,Choice Finserv,60,B,Mutual Fund,HDFC Floating Rate Debt Fund(DD-IDCW),Debt
INF179K01723,Choice Finserv,60,C,Mutual Fund,HDFC Floating Rate Debt Fund(M-IDCW Reinv),Debt
INF179K01VP6,Choice Finserv,60,D,Mutual Fund,HDFC Floating Rate Debt Fund(M-IDCW Reinv)-Direct Plan,Debt
INF179K01VT8,Choice Finserv,60,A,Mutual Fund,HDFC Gilt Fund(IDCW-Reinv)-Direct Plan,Debt
INF179K01954,Choice Finserv,60,B,Mutual Fund,HDFC Income Fund(Q-IDCW Reinv),Debt
INF179K01WK5,Choice Finserv,60,C,Mutual Fund,HDFC Income Fund(Q-IDCW Reinv)-Direct Plan,Debt
INF179KB1IC5,Choice Finserv,60,D,Mutual Fund,HDFC Liquid Fund(DD-IDCW),Debt
INF179KB1HV7,Choice Finserv,60,A,Mutual Fund,HDFC Liquid Fund(DD-IDCW)-Direct Plan,Debt
INF179KB1HL8,Choice Finserv,60,B,Mutual Fund,HDFC Liquid Fund(M-IDCW Reinv),Debt
INF179KB1HQ7,Choice Finserv,60,C,Mutual Fund,HDFC Liquid Fund(M-IDCW)-Direct Plan,Debt
INF179K01434,Choice Finserv,60,D,Mutual Fund,HDFC Low Duration Fund(DD-IDCW),Debt
INF179K01467,Choice Finserv,60,A,Mutual Fund,HDFC Low Duration Fund(M-IDCW Reinv),Debt
INF179K01VH3,Choice Finserv,60,B,Mutual Fund,HDFC Low Duration Fund(M-IDCW Reinv)-Direct Plan,Debt
INF179K01483,Choice Finserv,60,C,Mutual Fund,HDFC Low Duration Fund(W-IDCW Reinv)-Direct Plan,Debt
INF179K01905,Choice Finserv,60,D,Mutual Fund,HDFC Medium Term Debt Fund(FN-IDCW Reinv),Debt
INF179KA1NO1,Choice Finserv,60,A,Mutual Fund,HDFC Medium Term Debt Fund(FN-IDCW Reinv)-Direct Plan,Debt
INF179KA1D82,Choice Finserv,60,B,Mutual Fund,HDFC Medium Term Debt Fund(IDCW-Reinv)-Direct Plan,Debt
INF179K01CW2,Choice Finserv,60,C,Mutual Fund,HDFC Short Term Debt Fund(FN-IDCW Reinv),Debt
INF179K01UV6,Choice Finserv,40,D,Mutual Fund,HDFC ARBITRAGE FUND - Quarterly IDCW Option - Direct Plan,Equity
INF179K01319,Choice Finserv,40,A,Mutual Fund,HDFC ARBITRAGE FUND - Retail Growth Option,Equity
INF179K01327,Choice Finserv,40,B,Mutual Fund,HDFC ARBITRAGE FUND - Retail Quarterly IDCW Option,Equity
INF179K01343,Choice Finserv,40,C,Mutual Fund,HDFC ARBITRAGE FUND - Wholesale Growth Option,Equity
INF179KA1KT6,Choice Finserv,40,D,Mutual Fund,HDFC ARBITRAGE FUND - Wholesale Growth Option - Direct Plan,Equity
INF179KA1KM1,Choice Finserv,40,A,Mutual Fund,HDFC ARBITRAGE FUND - Wholesale IDCW Option,Equity
INF179KA1KS8,Choice Finserv,40,B,Mutual Fund,HDFC ARBITRAGE FUND - Wholesale Monthly IDCW - Direct Plan,Equity
INF179KA1KO7,Choice Finserv,40,C,Mutual Fund,HDFC ARBITRAGE FUND - Wholesale Monthly IDCW Option  ,Equity
INF179K01830,Choice Finserv,40,D,Mutual Fund,HDFC Balanced Advantage Fund - Growth Plan,Equity
INF179K01WA6,Choice Finserv,40,A,Mutual Fund,HDFC Balanced Advantage Fund - Growth Plan - Direct Plan,Equity
INF179K01814,Choice Finserv,40,B,Mutual Fund,HDFC Balanced Advantage Fund - IDCW Plan,Equity
INF179K01VY8,Choice Finserv,40,C,Mutual Fund,HDFC Balanced Advantage Fund - IDCW Plan - Direct Plan,Equity
INF179K01VC4,Choice Finserv,40,D,Mutual Fund,HDFC Capital Builder Value Fund - Growth Option - Direct Plan,Equity
INF179K01426,Choice Finserv,40,A,Mutual Fund,HDFC Capital Builder Value Fund - Growth Plan,Equity
INF179K01VA8,Choice Finserv,40,B,Mutual Fund,HDFC Capital Builder Value Fund - IDCW Option - Direct Plan,Equity
INF179K01400,Choice Finserv,40,C,Mutual Fund,HDFC Capital Builder Value Fund - IDCW Plan,Equity
INF179K01XT4,Choice Finserv,40,D,Mutual Fund,HDFC Equity Savings Fund - Growth Option - Direct Plan,Equity
INF179K01AM7,Choice Finserv,40,A,Mutual Fund,HDFC Equity Savings Fund - GROWTH PLAN,Equity
INF179K01XR8,Choice Finserv,40,B,Mutual Fund,HDFC Equity Savings Fund - IDCW Option - Direct Plan,Equity
INF179K01AK1,Choice Finserv,40,C,Mutual Fund,HDFC Equity Savings Fund - IDCW PLAN,Equity
INF179K01UT0,Choice Finserv,40,D,Mutual Fund,HDFC Flexi Cap Fund - Growth Option - Direct Plan,Equity
INF179K01608,Choice Finserv,40,A,Mutual Fund,HDFC Flexi Cap Fund - Growth Plan,Equity
INF179K01VL5,Choice Finserv,40,B,Mutual Fund,HDFC Flexi Cap Fund - IDCW Option - Direct Plan,Equity
INF179K01582,Choice Finserv,40,C,Mutual Fund,HDFC Flexi Cap Fund - IDCW Plan,Equity
INF179K01574,Choice Finserv,40,D,Mutual Fund,HDFC Focused 30 Fund - GROWTH PLAN,Equity
INF179K01VI1,Choice Finserv,40,A,Mutual Fund,HDFC Focused 30 Fund - IDCW Option - Direct Plan,Equity
INF179K01558,Choice Finserv,40,B,Mutual Fund,HDFC Focused 30 Fund - IDCW PLAN,Equity
INF179K01XE6,Choice Finserv,40,C,Mutual Fund,HDFC Hybrid Debt Fund - Growth Option - Direct Plan,Equity
INF179K01AE4,Choice Finserv,40,D,Mutual Fund,HDFC Hybrid Debt Fund - Growth Plan,Equity
INF179K01AA2,Choice Finserv,40,A,Mutual Fund,HDFC Hybrid Debt Fund - IDCW Monthly,Equity
INF179K01XF3,Choice Finserv,40,B,Mutual Fund,HDFC Hybrid Debt Fund - IDCW Monthly - Direct Plan,Equity
INF179K01AC8,Choice Finserv,40,C,Mutual Fund,HDFC Hybrid Debt Fund - IDCW Quarterly,Equity
INF179K01XH9,Choice Finserv,40,D,Mutual Fund,HDFC Hybrid Debt Fund - IDCW Quarterly - Direct Plan,Equity
INF179K01XZ1,Choice Finserv,40,A,Mutual Fund,HDFC Hybrid Equity Fund - Growth Option - Direct Plan,Equity
INF179K01AS4,Choice Finserv,40,B,Mutual Fund,HDFC Hybrid Equity Fund - Growth Plan,Equity
INF179K01XX6,Choice Finserv,40,C,Mutual Fund,HDFC Hybrid Equity Fund - IDCW Option - Direct Plan,Equity
INF179K01AQ8,Choice Finserv,40,D,Mutual Fund,HDFC Hybrid Equity Fund - IDCW Plan,Equity
INF179K01WQ2,Choice Finserv,40,A,Mutual Fund,HDFC Infrastructure Fund - Growth Option - Direct Plan,Equity
INF179K01GF8,Choice Finserv,40,B,Mutual Fund,HDFC Infrastructure Fund - Growth Plan,Equity
INF179K01GE1,Choice Finserv,40,C,Mutual Fund,HDFC Infrastructure Fund - IDCW Plan,Equity
INF179KA1RT1,Choice Finserv,40,D,Mutual Fund,HDFC Large and Mid Cap Fund - Growth Option,Equity
INF179KA1RQ7,Choice Finserv,40,A,Mutual Fund,HDFC Large and Mid Cap Fund - Growth Option - Direct Plan,Equity
INF179KA1RU9,Choice Finserv,40,B,Mutual Fund,HDFC Large and Mid Cap Fund - IDCW Option,Equity
INF179KA1RR5,Choice Finserv,40,C,Mutual Fund,HDFC Large and Mid Cap Fund - IDCW Option - Direct Plan,Equity
INF179K01WX8,Choice Finserv,40,D,Mutual Fund,HDFC Long Term Advantage Plan - Growth Option - Direct Plan,Equity
INF179K01996,Choice Finserv,40,A,Mutual Fund,HDFC Long Term Advantage Plan - Growth Plan,Equity
INF179K01XQ0,Choice Finserv,40,B,Mutual Fund,HDFC Mid-Cap Opportunities Fund - Growth Option - Direct Plan,Equity
INF179K01CR2,Choice Finserv,40,C,Mutual Fund,HDFC Mid-Cap Opportunities Fund - Growth Plan,Equity
INF179K01XO5,Choice Finserv,40,D,Mutual Fund,HDFC Mid-Cap Opportunities Fund - IDCW Option - Direct Plan,Equity
INF179K01CS0,Choice Finserv,40,A,Mutual Fund,HDFC Mid-Cap Opportunities Fund - IDCW Plan,Equity
INF179KA1RZ8,Choice Finserv,40,B,Mutual Fund,HDFC Small Cap Fund - Growth Option,Equity
INF179KA1RW5,Choice Finserv,40,C,Mutual Fund,HDFC Small Cap Fund - Growth Option - Direct Plan,Equity
INF179KA1SA9,Choice Finserv,40,D,Mutual Fund,HDFC Small Cap Fund - IDCW Option,Equity
INF179KA1RX3,Choice Finserv,40,A,Mutual Fund,HDFC Small Cap Fund - IDCW Option - Direct Plan,Equity
INF179K01YV8,Choice Finserv,40,B,Mutual Fund,HDFC Top 100 Fund - Growth Option - Direct Plan,Equity
INF179K01BE2,Choice Finserv,40,C,Mutual Fund,HDFC Top 100 Fund - Growth Option - Regular Plan,Equity
INF179K01YT2,Choice Finserv,40,D,Mutual Fund,HDFC Top 100 Fund - IDCW Option - Direct Plan,Equity
INF179K01822,Choice Finserv,40,A,Mutual Fund,HDFC Balanced Advantage Fund(IDCW-Reinv),Equity
INF179K01418,Choice Finserv,40,B,Mutual Fund,HDFC Capital Builder Value Fund(IDCW-Reinv),Equity
INF179K01VB6,Choice Finserv,40,C,Mutual Fund,HDFC Capital Builder Value Fund(IDCW-Reinv)-Direct Plan,Equity
INF179K01590,Choice Finserv,40,D,Mutual Fund,HDFC Flexi Cap Fund(IDCW-Reinv),Equity
INF179K01566,Choice Finserv,40,A,Mutual Fund,HDFC Focused 30 Fund(IDCW-Reinv),Equity
INF179K01VJ9,Choice Finserv,40,B,Mutual Fund,HDFC Focused 30 Fund(IDCW-Reinv)-Direct Plan,Equity
INF179K01AB0,Choice Finserv,40,C,Mutual Fund,HDFC Hybrid Debt Fund(M-IDCW Reinv),Equity
INF179K01XG1,Choice Finserv,40,D,Mutual Fund,HDFC Hybrid Debt Fund(M-IDCW Reinv)-Direct Plan,Equity
INF179K01AD6,Choice Finserv,40,A,Mutual Fund,HDFC Hybrid Debt Fund(Q-IDCW Reinv),Equity
INF179K01XI7,Choice Finserv,40,B,Mutual Fund,HDFC Hybrid Debt Fund(Q-IDCW Reinv)-Direct Plan,Equity
INF179K01AR6,Choice Finserv,40,C,Mutual Fund,HDFC Hybrid Equity Fund(IDCW-Reinv),Equity
INF179K01XY4,Choice Finserv,40,D,Mutual Fund,HDFC Hybrid Equity Fund(IDCW-Reinv)-Direct Plan,Equity
INF179K01GG6,Choice Finserv,40,A,Mutual Fund,HDFC Infrastructure Fund(IDCW-Reinv),Equity
INF179K01WR0,Choice Finserv,40,B,Mutual Fund,HDFC Infrastructure Fund(IDCW-Reinv)-Direct Plan,Equity
INF179K01CT8,Choice Finserv,40,C,Mutual Fund,HDFC Mid-Cap Opportunities Fund(IDCW-Reinv),Equity
INF179K01XP2,Choice Finserv,40,D,Mutual Fund,HDFC Mid-Cap Opportunities Fund(IDCW-Reinv)-Direct Plan,Equity
INF179K01BD4,Choice Finserv,40,A,Mutual Fund,HDFC Top 100 Fund(IDCW-Reinv),Equity
INF179K01YU0,Choice Finserv,40,B,Mutual Fund,HDFC Top 100 Fund(IDCW-Reinv)-Direct Plan,Equity
INF179KA1FZ3,Choice Finserv,60,C,Mutual Fund,HDFC Credit Risk Debt Fund - Growth Option - Direct Plan,Debt
INF179KA1I87,Choice Finserv,60,D,Mutual Fund,HDFC Credit Risk Debt Fund - IDCW Option,Debt
INF179KA1GA4,Choice Finserv,60,A,Mutual Fund,HDFC Credit Risk Debt Fund - IDCW Option - Direct Plan,Debt
INF179KA1GB2,Choice Finserv,60,B,Mutual Fund,HDFC Credit Risk Debt Fund - Quarterly IDCW - Direct Plan,Debt
INF179KA1GD8,Choice Finserv,60,C,Mutual Fund,HDFC Credit Risk Debt Fund - Quarterly IDCW Option,Debt
INF179K01491,Choice Finserv,60,D,Mutual Fund,HDFC Low Duration Fund- Wholesale- Growth,Debt
INF179K01509,Choice Finserv,60,A,Mutual Fund,HDFC Low Duration Fund- Wholesale Monthly Dividend,Debt
INF179K01525,Choice Finserv,60,B,Mutual Fund,HDFC Low Duration Fund- Wholesale Weekly Dividend,Debt
INF179K01UZ7,Choice Finserv,40,C,Mutual Fund,HDFC BALANCED FUND - DIRECT PLAN - GROWTH OPTION,Equity
INF179K01UX2,Choice Finserv,40,D,Mutual Fund,HDFC BALANCED FUND - DIRECT PLAN - IDCW PAYOUT,Equity
INF179K01392,Choice Finserv,40,A,Mutual Fund,HDFC BALANCED FUND - GROWTH OPTION,Equity
INF179K01640,Choice Finserv,60,B,Mutual Fund,HDFC FLOATING RATE DEBT FUND - RETAIL OPTION - REGULAR PLAN - IDCW REINVESTMENT - DAILY REINVESTMENT,Debt
INF179K01665,Choice Finserv,60,C,Mutual Fund,HDFC FLOATING RATE DEBT FUND - RETAIL OPTION - REGULAR PLAN - MONTHLY IDCW REINVESTMENT REINVESTMENT,Debt
INF179K01681,Choice Finserv,60,D,Mutual Fund,HDFC FLOATING RATE DEBT FUND - RETAIL OPTION-REGULAR PLAN - IDCW WEEKLY PAYOUT,Debt
INF179K01673,Choice Finserv,60,A,Mutual Fund,HDFC FLOATING RATE DEBT FUND - RETAIL OPTION-REGULAR PLAN - WEEKLY IDCW REINVESTMENT REINVESTMENT,Debt
INF179K01657,Choice Finserv,60,B,Mutual Fund,HDFC FLOATING RATE DEBT FUND - RETAIL OPTION-REGULAR PLAN -IDCW MONTHLY PAYOUT,Debt
INF179K01632,Choice Finserv,60,C,Mutual Fund,HDFC FLOATING RATE DEBT FUND -RETAIL OPTION- REGULAR PLAN - GROWTH,Debt
INF179K01VN1,Choice Finserv,60,D,Mutual Fund,HDFC FLOATING RATE INCOME FUND - LONG TERM PLAN - DIRECT PLAN - GROWTH OPTION,Debt
INF179KA16J1,Choice Finserv,60,A,Mutual Fund,HDFC FLOATING RATE INCOME FUND - LONG TERM PLAN - DIRECT PLAN - NORMAL IDCW PAYOUT,Debt
INF179K01624,Choice Finserv,60,B,Mutual Fund,HDFC FLOATING RATE INCOME FUND - LONG TERM PLAN - GROWTH OPTION,Debt
INF179K01616,Choice Finserv,60,C,Mutual Fund,HDFC FLOATING RATE INCOME FUND - LONG TERM PLAN - IDCW REINVESTMENT OPTION,Debt
INF179KB1HN4,Choice Finserv,60,D,Mutual Fund,HDFC LIQUID FUND - PREMIUM PLAN - GROWTH,Debt
INF179K01XJ5,Choice Finserv,60,A,Mutual Fund,HDFC MF MONTHLY INCOME PLAN - SHORT TERM PLAN - DIRECT PLAN - GROWTH OPTION,Debt
INF179K01XK3,Choice Finserv,60,B,Mutual Fund,HDFC MF MONTHLY INCOME PLAN - SHORT TERM PLAN - DIRECT PLAN - MONTHLY IDCW REINVESTMENT,Debt
INF179K01XM9,Choice Finserv,60,C,Mutual Fund,HDFC MF MONTHLY INCOME PLAN - SHORT TERM PLAN - DIRECT PLAN - QUARTERLY IDCW PAYOUT OPTION,Debt
INF179K01XN7,Choice Finserv,60,D,Mutual Fund,HDFC MF MONTHLY INCOME PLAN - SHORT TERM PLAN - DIRECT PLAN - QUARTERLY IDCW REINVESTMENT OPTION,Debt
INF179K01AG9,Choice Finserv,60,A,Mutual Fund,HDFC MF MONTHLY INCOME PLAN - SHORT TERM PLAN - MONTHLY IDCW REINVESTMENT OPTION,Debt
INF179K01AI5,Choice Finserv,60,B,Mutual Fund,HDFC MF MONTHLY INCOME PLAN - SHORT TERM PLAN - QUARTERLY IDCW REINVESTMENT OPTION,Debt
INF179K01YC8,Choice Finserv,40,C,Mutual Fund,HDFC PRUDENCE FUND - DIRECT PLAN - GROWTH OPTION,Equity
INF179K01YA2,Choice Finserv,40,D,Mutual Fund,HDFC PRUDENCE FUND - DIRECT PLAN - IDCW PAYOUT,Equity
INF179K01AV8,Choice Finserv,60,A,Mutual Fund,HDFC PRUDENCE FUND - GROWTH OPTION,Debt
INF179K01AT2,Choice Finserv,60,B,Mutual Fund,HDFC PRUDENCE FUND - IDCW PAYOUT OPTION,Debt
INF179K01384,Choice Finserv,60,C,Mutual Fund,HDFC Balanced Fund Dividend Reinvestment,Debt
INF179K01517,Choice Finserv,60,D,Mutual Fund,HDFC Low Duration Fund- Wholesale Monthly Dividend,Debt
INF179K01541,Choice Finserv,60,A,Mutual Fund,HDFC Low Duration Fund- Wholesale Daily Dividend,Debt
INF179K01AH7,Choice Finserv,60,B,Mutual Fund,HDFC MF Monthly Income Plan-Short Term Plan-Monthly Dividend Option,Debt
INF179K01AJ3,Choice Finserv,60,C,Mutual Fund,HDFC MF Monthly Income Plan-Short Term Plan-Quarterly Dividend Option,Debt
INF179K01AU0,Choice Finserv,60,D,Mutual Fund,HDFC Prudence Fund - Dividend Option,Debt
INF179K01UY0,Choice Finserv,60,A,Mutual Fund,HDFC Balanced Fund -Direct Plan - Dividend Option,Debt
INF179K01XL1,Choice Finserv,60,B,Mutual Fund,HDFC MF MIP STP -Direct Plan - Monthly Dividend Option,Debt
INF179KA17J9,Choice Finserv,60,C,Mutual Fund,HDFC Floating Rate Income Fund - Regular Plan - Normal Dividend Option,Debt
INF179KA1GE6,Choice Finserv,60,D,Mutual Fund,HDFC Credit Risk Debt Fund - Quarterly IDCW Option,Debt
INF179KA1I79,Choice Finserv,60,A,Mutual Fund,HDFC Credit Risk Debt Fund - IDCW Option,Debt
