"ISIN","AMC code","Scheme Name","AMC Name","AMC Image"
"INF179KA17J9","H","HDFC Floating Rate Income Fund - Regular Plan - Normal Dividend Option","HDFC Mutual Fund",""
"INF179K01XL1","H","HDFC MF MIP STP -Direct Plan - Monthly Dividend Option","HDFC Mutual Fund",""
"INF179K01UY0","H","HDFC Balanced Fund -Direct Plan - Dividend Option","HDFC Mutual Fund",""
"INF179K01AU0","H","HDFC Prudence Fund - Dividend Option","HDFC Mutual Fund",""
"INF179K01AJ3","H","HDFC MF Monthly Income Plan-Short Term Plan-Quarterly Dividend Option","HDFC Mutual Fund",""
"INF179K01AH7","H","HDFC MF Monthly Income Plan-Short Term Plan-Monthly Dividend Option","HDFC Mutual Fund",""
"INF179K01541","H","HDFC Low Duration Fund- Wholesale Daily Dividend","HDFC Mutual Fund",""
"INF179K01384","H","HDFC Balanced Fund Dividend Reinvestment","HDFC Mutual Fund",""
"INF179K01AT2","H","HDFC PRUDENCE FUND - IDCW PAYOUT OPTION","HDFC Mutual Fund",""
"INF179K01AV8","H","HDFC PRUDENCE FUND - GROWTH OPTION","HDFC Mutual Fund",""
"INF179K01YA2","H","HDFC PRUDENCE FUND - DIRECT PLAN - IDCW PAYOUT","HDFC Mutual Fund",""
"INF179K01YC8","H","HDFC PRUDENCE FUND - DIRECT PLAN - GROWTH OPTION","HDFC Mutual Fund",""
"INF179K01AI5","H","HDFC MF MONTHLY INCOME PLAN - SHORT TERM PLAN - QUARTERLY IDCW REINVESTMENT OPTION","HDFC Mutual Fund",""
"INF179K01AG9","H","HDFC MF MONTHLY INCOME PLAN - SHORT TERM PLAN - MONTHLY IDCW REINVESTMENT OPTION","HDFC Mutual Fund",""
"INF179K01XN7","H","HDFC MF MONTHLY INCOME PLAN - SHORT TERM PLAN - DIRECT PLAN - QUARTERLY IDCW REINVESTMENT OPTION","HDFC Mutual Fund",""
"INF179K01XM9","H","HDFC MF MONTHLY INCOME PLAN - SHORT TERM PLAN - DIRECT PLAN - QUARTERLY IDCW PAYOUT OPTION","HDFC Mutual Fund",""
"INF179K01XK3","H","HDFC MF MONTHLY INCOME PLAN - SHORT TERM PLAN - DIRECT PLAN - MONTHLY IDCW REINVESTMENT","HDFC Mutual Fund",""
"INF179K01XJ5","H","HDFC MF MONTHLY INCOME PLAN - SHORT TERM PLAN - DIRECT PLAN - GROWTH OPTION","HDFC Mutual Fund",""
"INF179KB1HN4","H","HDFC LIQUID FUND - PREMIUM PLAN - GROWTH","HDFC Mutual Fund",""
"INF179K01616","H","HDFC FLOATING RATE INCOME FUND - LONG TERM PLAN - IDCW REINVESTMENT OPTION","HDFC Mutual Fund",""
"INF179K01624","H","HDFC FLOATING RATE INCOME FUND - LONG TERM PLAN - GROWTH OPTION","HDFC Mutual Fund",""
"INF179KA16J1","H","HDFC FLOATING RATE INCOME FUND - LONG TERM PLAN - DIRECT PLAN - NORMAL IDCW PAYOUT","HDFC Mutual Fund",""
"INF179K01VN1","H","HDFC FLOATING RATE INCOME FUND - LONG TERM PLAN - DIRECT PLAN - GROWTH OPTION","HDFC Mutual Fund",""
"INF179K01632","H","HDFC FLOATING RATE DEBT FUND -RETAIL OPTION- REGULAR PLAN - GROWTH","HDFC Mutual Fund",""
"INF179K01657","H","HDFC FLOATING RATE DEBT FUND - RETAIL OPTION-REGULAR PLAN -IDCW MONTHLY PAYOUT","HDFC Mutual Fund",""
"INF179K01673","H","HDFC FLOATING RATE DEBT FUND - RETAIL OPTION-REGULAR PLAN - WEEKLY IDCW REINVESTMENT REINVESTMENT","HDFC Mutual Fund",""
"INF179K01681","H","HDFC FLOATING RATE DEBT FUND - RETAIL OPTION-REGULAR PLAN - IDCW WEEKLY PAYOUT","HDFC Mutual Fund",""
"INF179K01665","H","HDFC FLOATING RATE DEBT FUND - RETAIL OPTION - REGULAR PLAN - MONTHLY IDCW REINVESTMENT REINVESTMENT","HDFC Mutual Fund",""
"INF179K01640","H","HDFC FLOATING RATE DEBT FUND - RETAIL OPTION - REGULAR PLAN - IDCW REINVESTMENT - DAILY REINVESTMENT","HDFC Mutual Fund",""
"INF179K01392","H","HDFC BALANCED FUND - GROWTH OPTION","HDFC Mutual Fund",""
"INF179K01UX2","H","HDFC BALANCED FUND - DIRECT PLAN - IDCW PAYOUT","HDFC Mutual Fund",""
"INF179K01UZ7","H","HDFC BALANCED FUND - DIRECT PLAN - GROWTH OPTION","HDFC Mutual Fund",""
"INF179K01525","H","HDFC Low Duration Fund- Wholesale Weekly Dividend","HDFC Mutual Fund",""
"INF179K01509","H","HDFC Low Duration Fund- Wholesale Monthly Dividend","HDFC Mutual Fund",""
"INF179K01491","H","HDFC Low Duration Fund- Wholesale- Growth","HDFC Mutual Fund",""
"INF179KA1GD8","H","HDFC Credit Risk Debt Fund - Quarterly IDCW Option","HDFC Mutual Fund",""
"INF179KA1GB2","H","HDFC Credit Risk Debt Fund - Quarterly IDCW - Direct Plan","HDFC Mutual Fund",""
"INF179KA1GA4","H","HDFC Credit Risk Debt Fund - IDCW Option - Direct Plan","HDFC Mutual Fund",""
"INF179KA1I87","H","HDFC Credit Risk Debt Fund - IDCW Option","HDFC Mutual Fund",""
"INF179KA1FZ3","H","HDFC Credit Risk Debt Fund - Growth Option - Direct Plan","HDFC Mutual Fund",""
"INF179K01YU0","H","HDFC Top 100 Fund(IDCW-Reinv)-Direct Plan","HDFC Mutual Fund",""
"INF179K01BD4","H","HDFC Top 100 Fund(IDCW-Reinv)","HDFC Mutual Fund",""
"INF179K01XP2","H","HDFC Mid-Cap Opportunities Fund(IDCW-Reinv)-Direct Plan","HDFC Mutual Fund",""
"INF179K01CT8","H","HDFC Mid-Cap Opportunities Fund(IDCW-Reinv)","HDFC Mutual Fund",""
"INF179K01WR0","H","HDFC Infrastructure Fund(IDCW-Reinv)-Direct Plan","HDFC Mutual Fund",""
"INF179K01GG6","H","HDFC Infrastructure Fund(IDCW-Reinv)","HDFC Mutual Fund",""
"INF179K01XY4","H","HDFC Hybrid Equity Fund(IDCW-Reinv)-Direct Plan","HDFC Mutual Fund",""
"INF179K01AR6","H","HDFC Hybrid Equity Fund(IDCW-Reinv)","HDFC Mutual Fund",""
"INF179K01XI7","H","HDFC Hybrid Debt Fund(Q-IDCW Reinv)-Direct Plan","HDFC Mutual Fund",""
"INF179K01AD6","H","HDFC Hybrid Debt Fund(Q-IDCW Reinv)","HDFC Mutual Fund",""
"INF179K01XG1","H","HDFC Hybrid Debt Fund(M-IDCW Reinv)-Direct Plan","HDFC Mutual Fund",""
"INF179K01AB0","H","HDFC Hybrid Debt Fund(M-IDCW Reinv)","HDFC Mutual Fund",""
"INF179K01VJ9","H","HDFC Focused 30 Fund(IDCW-Reinv)-Direct Plan","HDFC Mutual Fund",""
"INF179K01566","H","HDFC Focused 30 Fund(IDCW-Reinv)","HDFC Mutual Fund",""
"INF179K01590","H","HDFC Flexi Cap Fund(IDCW-Reinv)","HDFC Mutual Fund",""
"INF179K01VB6","H","HDFC Capital Builder Value Fund(IDCW-Reinv)-Direct Plan","HDFC Mutual Fund",""
"INF179K01418","H","HDFC Capital Builder Value Fund(IDCW-Reinv)","HDFC Mutual Fund",""
"INF179K01822","H","HDFC Balanced Advantage Fund(IDCW-Reinv)","HDFC Mutual Fund",""
"INF179K01YT2","H","HDFC Top 100 Fund - IDCW Option - Direct Plan","HDFC Mutual Fund",""
"INF179K01BE2","H","HDFC Top 100 Fund - Growth Option - Regular Plan","HDFC Mutual Fund",""
"INF179K01YV8","H","HDFC Top 100 Fund - Growth Option - Direct Plan","HDFC Mutual Fund",""
"INF179KA1RX3","H","HDFC Small Cap Fund - IDCW Option - Direct Plan","HDFC Mutual Fund",""
"INF179KA1SA9","H","HDFC Small Cap Fund - IDCW Option","HDFC Mutual Fund",""
"INF179KA1RW5","H","HDFC Small Cap Fund - Growth Option - Direct Plan","HDFC Mutual Fund",""
"INF179KA1RZ8","H","HDFC Small Cap Fund - Growth Option","HDFC Mutual Fund",""
"INF179K01CS0","H","HDFC Mid-Cap Opportunities Fund - IDCW Plan","HDFC Mutual Fund",""
"INF179K01XO5","H","HDFC Mid-Cap Opportunities Fund - IDCW Option - Direct Plan","HDFC Mutual Fund",""
"INF179K01CR2","H","HDFC Mid-Cap Opportunities Fund - Growth Plan","HDFC Mutual Fund",""
"INF179K01XQ0","H","HDFC Mid-Cap Opportunities Fund - Growth Option - Direct Plan","HDFC Mutual Fund",""
"INF179K01996","H","HDFC Long Term Advantage Plan - Growth Plan","HDFC Mutual Fund",""
"INF179K01WX8","H","HDFC Long Term Advantage Plan - Growth Option - Direct Plan","HDFC Mutual Fund",""
"INF179KA1RR5","H","HDFC Large and Mid Cap Fund - IDCW Option - Direct Plan","HDFC Mutual Fund",""
"INF179KA1RU9","H","HDFC Large and Mid Cap Fund - IDCW Option","HDFC Mutual Fund",""
"INF179KA1RQ7","H","HDFC Large and Mid Cap Fund - Growth Option - Direct Plan","HDFC Mutual Fund",""
"INF179KA1RT1","H","HDFC Large and Mid Cap Fund - Growth Option","HDFC Mutual Fund",""
"INF179K01GE1","H","HDFC Infrastructure Fund - IDCW Plan","HDFC Mutual Fund",""
"INF179K01GF8","H","HDFC Infrastructure Fund - Growth Plan","HDFC Mutual Fund",""
"INF179K01WQ2","H","HDFC Infrastructure Fund - Growth Option - Direct Plan","HDFC Mutual Fund",""
"INF179K01AQ8","H","HDFC Hybrid Equity Fund - IDCW Plan","HDFC Mutual Fund",""
"INF179K01XX6","H","HDFC Hybrid Equity Fund - IDCW Option - Direct Plan","HDFC Mutual Fund",""
"INF179K01AS4","H","HDFC Hybrid Equity Fund - Growth Plan","HDFC Mutual Fund",""
"INF179K01XZ1","H","HDFC Hybrid Equity Fund - Growth Option - Direct Plan","HDFC Mutual Fund",""
"INF179K01XH9","H","HDFC Hybrid Debt Fund - IDCW Quarterly - Direct Plan","HDFC Mutual Fund",""
"INF179K01AC8","H","HDFC Hybrid Debt Fund - IDCW Quarterly","HDFC Mutual Fund",""
"INF179K01XF3","H","HDFC Hybrid Debt Fund - IDCW Monthly - Direct Plan","HDFC Mutual Fund",""
"INF179K01AA2","H","HDFC Hybrid Debt Fund - IDCW Monthly","HDFC Mutual Fund",""
"INF179K01AE4","H","HDFC Hybrid Debt Fund - Growth Plan","HDFC Mutual Fund",""
"INF179K01XE6","H","HDFC Hybrid Debt Fund - Growth Option - Direct Plan","HDFC Mutual Fund",""
"INF179K01558","H","HDFC Focused 30 Fund - IDCW PLAN","HDFC Mutual Fund",""
"INF179K01VI1","H","HDFC Focused 30 Fund - IDCW Option - Direct Plan","HDFC Mutual Fund",""
"INF179K01574","H","HDFC Focused 30 Fund - GROWTH PLAN","HDFC Mutual Fund",""
"INF179K01582","H","HDFC Flexi Cap Fund - IDCW Plan","HDFC Mutual Fund",""
"INF179K01VL5","H","HDFC Flexi Cap Fund - IDCW Option - Direct Plan","HDFC Mutual Fund",""
"INF179K01608","H","HDFC Flexi Cap Fund - Growth Plan","HDFC Mutual Fund",""
"INF179K01UT0","H","HDFC Flexi Cap Fund - Growth Option - Direct Plan","HDFC Mutual Fund",""
"INF179K01AK1","H","HDFC Equity Savings Fund - IDCW PLAN","HDFC Mutual Fund",""
"INF179K01XR8","H","HDFC Equity Savings Fund - IDCW Option - Direct Plan","HDFC Mutual Fund",""
"INF179K01AM7","H","HDFC Equity Savings Fund - GROWTH PLAN","HDFC Mutual Fund",""
"INF179K01XT4","H","HDFC Equity Savings Fund - Growth Option - Direct Plan","HDFC Mutual Fund",""
"INF179K01400","H","HDFC Capital Builder Value Fund - IDCW Plan","HDFC Mutual Fund",""
"INF179K01VA8","H","HDFC Capital Builder Value Fund - IDCW Option - Direct Plan","HDFC Mutual Fund",""
"INF179K01426","H","HDFC Capital Builder Value Fund - Growth Plan","HDFC Mutual Fund",""
"INF179K01VC4","H","HDFC Capital Builder Value Fund - Growth Option - Direct Plan","HDFC Mutual Fund",""
"INF179K01VY8","H","HDFC Balanced Advantage Fund - IDCW Plan - Direct Plan","HDFC Mutual Fund",""
"INF179K01814","H","HDFC Balanced Advantage Fund - IDCW Plan","HDFC Mutual Fund",""
"INF179K01WA6","H","HDFC Balanced Advantage Fund - Growth Plan - Direct Plan","HDFC Mutual Fund",""
"INF179K01830","H","HDFC Balanced Advantage Fund - Growth Plan","HDFC Mutual Fund",""
"INF179KA1KO7","H","HDFC ARBITRAGE FUND - Wholesale Monthly IDCW Option","HDFC Mutual Fund",""
"INF179KA1KS8","H","HDFC ARBITRAGE FUND - Wholesale Monthly IDCW - Direct Plan","HDFC Mutual Fund",""
"INF179KA1KM1","H","HDFC ARBITRAGE FUND - Wholesale IDCW Option","HDFC Mutual Fund",""
"INF179KA1KT6","H","HDFC ARBITRAGE FUND - Wholesale Growth Option - Direct Plan","HDFC Mutual Fund",""
"INF179K01343","H","HDFC ARBITRAGE FUND - Wholesale Growth Option","HDFC Mutual Fund",""
"INF179K01327","H","HDFC ARBITRAGE FUND - Retail Quarterly IDCW Option","HDFC Mutual Fund",""
"INF179K01319","H","HDFC ARBITRAGE FUND - Retail Growth Option","HDFC Mutual Fund",""
"INF179K01UV6","H","HDFC ARBITRAGE FUND - Quarterly IDCW Option - Direct Plan","HDFC Mutual Fund",""
"INF179K01CW2","H","HDFC Short Term Debt Fund(FN-IDCW Reinv)","HDFC Mutual Fund",""
"INF179KA1D82","H","HDFC Medium Term Debt Fund(IDCW-Reinv)-Direct Plan","HDFC Mutual Fund",""
"INF179KA1NO1","H","HDFC Medium Term Debt Fund(FN-IDCW Reinv)-Direct Plan","HDFC Mutual Fund",""
"INF179K01905","H","HDFC Medium Term Debt Fund(FN-IDCW Reinv)","HDFC Mutual Fund",""
"INF179K01483","H","HDFC Low Duration Fund(W-IDCW Reinv)-Direct Plan","HDFC Mutual Fund",""
"INF179K01VH3","H","HDFC Low Duration Fund(M-IDCW Reinv)-Direct Plan","HDFC Mutual Fund",""
"INF179K01467","H","HDFC Low Duration Fund(M-IDCW Reinv)","HDFC Mutual Fund",""
"INF179K01434","H","HDFC Low Duration Fund(DD-IDCW)","HDFC Mutual Fund",""
"INF179KB1HQ7","H","HDFC Liquid Fund(M-IDCW)-Direct Plan","HDFC Mutual Fund",""
"INF179KB1HL8","H","HDFC Liquid Fund(M-IDCW Reinv)","HDFC Mutual Fund",""
"INF179KB1HV7","H","HDFC Liquid Fund(DD-IDCW)-Direct Plan","HDFC Mutual Fund",""
"INF179KB1IC5","H","HDFC Liquid Fund(DD-IDCW)","HDFC Mutual Fund",""
"INF179K01WK5","H","HDFC Income Fund(Q-IDCW Reinv)-Direct Plan","HDFC Mutual Fund",""
"INF179K01954","H","HDFC Income Fund(Q-IDCW Reinv)","HDFC Mutual Fund",""
"INF179K01VT8","H","HDFC Gilt Fund(IDCW-Reinv)-Direct Plan","HDFC Mutual Fund",""
"INF179K01VP6","H","HDFC Floating Rate Debt Fund(M-IDCW Reinv)-Direct Plan","HDFC Mutual Fund",""
"INF179K01723","H","HDFC Floating Rate Debt Fund(M-IDCW Reinv)","HDFC Mutual Fund",""
"INF179K01699","H","HDFC Floating Rate Debt Fund(DD-IDCW)","HDFC Mutual Fund",""
"INF179K01WF5","H","HDFC Dynamic Debt Fund(Q-IDCW Reinv)-Direct Plan","HDFC Mutual Fund",""
"INF179K01889","H","HDFC Dynamic Debt Fund(Q-IDCW Reinv)","HDFC Mutual Fund",""
"INF179K01WD0","H","HDFC Dynamic Debt Fund(H-IDCW Reinv)-Direct Plan","HDFC Mutual Fund",""
"INF179K01863","H","HDFC Dynamic Debt Fund(H-IDCW Reinv)","HDFC Mutual Fund",""
"INF179K01939","H","HDFC Dynamic Debt Fund(A-IDCW Reinv)","HDFC Mutual Fund",""
"INF179K01XC0","H","HDFC Corp Bond Fund(Q-IDCW Reinv)-Direct Plan","HDFC Mutual Fund",""
"INF179K01DE8","H","HDFC Corp Bond Fund(Q-IDCW Reinv)","HDFC Mutual Fund",""
"INF179KA1Q79","H","HDFC Short Term  Debt Fund - Normal IDCW Option","HDFC Mutual Fund",""
"INF179KA1Q53","H","HDFC Short Term  Debt Fund - Normal IDCW - Direct Plan","HDFC Mutual Fund",""
"INF179K01YM7","H","HDFC Short Term  Debt Fund - Growth Option - Direct Plan","HDFC Mutual Fund",""
"INF179K01CU6","H","HDFC Short Term  Debt Fund - Growth Option","HDFC Mutual Fund",""
"INF179K01CV4","H","HDFC Short Term  Debt Fund - Fortnightly IDCW Option","HDFC Mutual Fund",""
"INF179KB1HU9","H","HDFC Money Market Fund - Growth Option - Direct Plan","HDFC Mutual Fund",""
"INF179KB1HR5","H","HDFC Money Market Fund - Growth Option","HDFC Mutual Fund",""
"INF179KA1D90","H","HDFC Medium Term Debt Fund - IDCW Option - Direct Plan","HDFC Mutual Fund",""
"INF179KA1E16","H","HDFC Medium Term Debt Fund - IDCW Option","HDFC Mutual Fund",""
"INF179K01WI9","H","HDFC Medium Term Debt Fund - Growth Option - Direct Plan","HDFC Mutual Fund",""
"INF179K01913","H","HDFC Medium Term Debt Fund - Growth Option","HDFC Mutual Fund",""
"INF179KA1NP8","H","HDFC Medium Term Debt Fund - Fortnightly IDCW Opt - Direct Plan","HDFC Mutual Fund",""
"INF179K01897","H","HDFC Medium Term Debt Fund - Fornightly IDCW Option","HDFC Mutual Fund",""
"INF179K01475","H","HDFC Low Duration  Fund - Weekly IDCW","HDFC Mutual Fund",""
"INF179K01459","H","HDFC Low Duration  Fund - Monthly IDCW","HDFC Mutual Fund",""
"INF179K01442","H","HDFC Low Duration  Fund - Growth","HDFC Mutual Fund",""
"INF179K01VG5","H","HDFC Low Duration  Fund - Direct Plan - Monthly IDCW","HDFC Mutual Fund",""
"INF179K01VF7","H","HDFC Low Duration  Fund - Direct Plan - Growth","HDFC Mutual Fund",""
"INF179KB1HO2","H","HDFC Liquid Fund - IDCW Monthly - Direct Plan","HDFC Mutual Fund",""
"INF179KB1HM6","H","HDFC Liquid Fund - IDCW Monthly","HDFC Mutual Fund",""
"INF179KB1HK0","H","HDFC Liquid Fund - Growth Plan","HDFC Mutual Fund",""
"INF179KB1HP9","H","HDFC Liquid Fund - Growth Option - Direct Plan","HDFC Mutual Fund",""
"INF179K01WJ7","H","HDFC Income Fund - Quarterly IDCW- Direct Plan","HDFC Mutual Fund",""
"INF179KA1Q38","H","HDFC Income Fund - Normal IDCW Option","HDFC Mutual Fund",""
"INF179KA1Q12","H","HDFC Income Fund - Normal IDCW - Direct Plan","HDFC Mutual Fund",""
"INF179K01772","H","HDFC Gilt Fund - IDCW Plan","HDFC Mutual Fund",""
"INF179K01VR2","H","HDFC Gilt Fund - IDCW Option - Direct Plan","HDFC Mutual Fund",""
"INF179K01756","H","HDFC Gilt Fund - Growth Plan","HDFC Mutual Fund",""
"INF179K01731","H","HDFC Floating Rate Debt Fund - Weekly IDCW Option","HDFC Mutual Fund",""
"INF179K01715","H","HDFC Floating Rate Debt Fund - Monthly IDCW Option","HDFC Mutual Fund",""
"INF179K01707","H","HDFC Floating Rate Debt Fund - Growth Option","HDFC Mutual Fund",""
"INF179K01VO9","H","HDFC Floating Rate Debt Fund - Direct Plan - Monthly IDCW","HDFC Mutual Fund",""
"INF179K01VQ4","H","HDFC Floating Rate Debt Fund - Direct Plan - Growth Option","HDFC Mutual Fund",""
"INF179K01921","H","HDFC Dynamic Debt Fund - Yearly IDCW Option","HDFC Mutual Fund",""
"INF179K01WG3","H","HDFC Dynamic Debt Fund - Yearly IDCW - Direct Plan","HDFC Mutual Fund",""
"INF179K01871","H","HDFC Dynamic Debt Fund - Quarterly IDCW Option","HDFC Mutual Fund",""
"INF179K01WE8","H","HDFC Dynamic Debt Fund - Quarterly IDCW - Direct Plan","HDFC Mutual Fund",""
"INF179KA1R11","H","HDFC Dynamic Debt Fund - Normal IDCW Option","HDFC Mutual Fund",""
"INF179KA1Q95","H","HDFC Dynamic Debt Fund - Normal IDCW - Direct Plan","HDFC Mutual Fund",""
"INF179K01855","H","HDFC Dynamic Debt Fund - Half Yearly IDCW Option","HDFC Mutual Fund",""
"INF179K01WC2","H","HDFC Dynamic Debt Fund - Half Yearly IDCW - Direct Plan","HDFC Mutual Fund",""
"INF179K01WB4","H","HDFC Dynamic Debt Fund - Growth Option - Direct Plan","HDFC Mutual Fund",""
"INF179K01848","H","HDFC Dynamic Debt Fund - Growth Option","HDFC Mutual Fund",""
"INF179K01XB2","H","HDFC Corporate Bond Fund - Quarterly IDCW Option - Direct Plan","HDFC Mutual Fund",""
"INF179K01DD0","H","HDFC Corporate Bond Fund - Quarterly IDCW Option","HDFC Mutual Fund",""
"INF179KA1D17","H","HDFC Corporate Bond Fund - IDCW Option - Direct Plan","HDFC Mutual Fund",""
"INF179KA1D33","H","HDFC Corporate Bond Fund - IDCW Option","HDFC Mutual Fund",""
"INF179K01DC2","H","HDFC Corporate Bond Fund - Growth Option","HDFC Mutual Fund",""
"INF179KA1JA8","H","HDFC Banking and PSU Debt Fund - IDCW Option - Direct Plan","HDFC Mutual Fund",""
"INF179KA1JD2","H","HDFC Banking and PSU Debt Fund - IDCW Option","HDFC Mutual Fund",""
"INF179KA1IZ7","H","HDFC Banking and PSU Debt Fund - Growth Option - Direct Plan","HDFC Mutual Fund",""
"INF179KA1JC4","H","HDFC Banking and PSU Debt Fund - Growth Option","HDFC Mutual Fund",""
"INF109K01TS1","P","ICICI PRUDENTIAL ULTRA SHORT TERM FUND - QUARTERLY IDCW PAYOUT","ICICI Prudential Mutual Fund",""
"INF109K01TT9","P","ICICI Prudential Ultra Short Term Fund - Quarterly IDCW","ICICI Prudential Mutual Fund",""
"INF109K01TQ5","P","ICICI PRUDENTIAL ULTRA SHORT TERM FUND - MONTHLY IDCW PAYOUT","ICICI Prudential Mutual Fund",""
"INF109K01TR3","P","ICICI Prudential Ultra Short Term Fund - Monthly IDCW","ICICI Prudential Mutual Fund",""
"INF109K01TU7","P","ICICI PRUDENTIAL ULTRA SHORT TERM FUND - HALF YEARLY IDCW PAYOUT","ICICI Prudential Mutual Fund",""
"INF109K01TV5","P","ICICI Prudential Ultra Short Term Fund - Half Yearly IDCW","ICICI Prudential Mutual Fund",""
"INF109K01TP7","P","ICICI PRUDENTIAL ULTRA SHORT TERM FUND - GROWTH","ICICI Prudential Mutual Fund",""
"INF109K01T61","P","ICICI PRUDENTIAL ULTRA SHORT TERM FUND - DIRECT PLAN - QUARTERLY IDCW REINVESTMENT","ICICI Prudential Mutual Fund",""
"INF109K01T46","P","ICICI PRUDENTIAL ULTRA SHORT TERM FUND - DIRECT PLAN - MONTHLY IDCW REINVESTMENT","ICICI Prudential Mutual Fund",""
"INF109K01T20","P","ICICI PRUDENTIAL ULTRA SHORT TERM FUND - DIRECT PLAN - HALF YEARLY IDCW REINVESTMENT","ICICI Prudential Mutual Fund",""
"INF109K01T04","P","ICICI PRUDENTIAL ULTRA SHORT TERM FUND - DIRECT PLAN - GROWTH","ICICI Prudential Mutual Fund",""
"INF109KA1H69","P","ICICI PRUDENTIAL ULTRA SHORT TERM FUND - DIRECT PLAN - BONUS","ICICI Prudential Mutual Fund",""
"INF109K01T53","P","ICICI Prudential Ultra Short Term Fund - Direct Plan -  Quarterly IDCW","ICICI Prudential Mutual Fund",""
"INF109K01T38","P","ICICI Prudential Ultra Short Term Fund - Direct Plan -  Monthly IDCW","ICICI Prudential Mutual Fund",""
"INF109K01T12","P","ICICI Prudential Ultra Short Term Fund - Direct Plan -  Half Yearly IDCW","ICICI Prudential Mutual Fund",""
"INF109K01647","P","ICICI PRUDENTIAL SHORT TERM FUND - MONTHLY IDCW PAYOUT","ICICI Prudential Mutual Fund",""
"INF109K01WL0","P","ICICI Prudential Short Term Fund - Monthly IDCW","ICICI Prudential Mutual Fund",""
"INF109K01688","P","ICICI PRUDENTIAL SHORT TERM FUND - INSTITUTIONAL FORTNIGHTLY IDCW REINVESTMENT","ICICI Prudential Mutual Fund",""
"INF109K01696","P","ICICI PRUDENTIAL SHORT TERM FUND - INSTITUTIONAL CUMULATIVE OPTION","ICICI Prudential Mutual Fund",""
"INF109KA1X02","P","ICICI PRUDENTIAL SHORT TERM FUND - HALF YEARLY IDCW PAYOUT","ICICI Prudential Mutual Fund",""
"INF109KA1X10","P","ICICI Prudential Short Term Fund - Half Yearly IDCW","ICICI Prudential Mutual Fund",""
"INF109K01654","P","ICICI PRUDENTIAL SHORT TERM FUND - GROWTH OPTION","ICICI Prudential Mutual Fund",""
"INF109K01662","P","ICICI PRUDENTIAL SHORT TERM FUND - FORTNIGHTLY IDCW PAYOUT","ICICI Prudential Mutual Fund",""
"INF109K015N8","P","ICICI PRUDENTIAL SHORT TERM FUND - DIRECT PLAN - MONTHLY IDCW PAYOUT","ICICI Prudential Mutual Fund",""
"INF109K014N1","P","ICICI Prudential Short Term Fund - Direct Plan - Monthly IDCW","ICICI Prudential Mutual Fund",""
"INF109KA1X28","P","ICICI PRUDENTIAL SHORT TERM FUND - DIRECT PLAN - HALF YEARLY IDCW PAYOUT","ICICI Prudential Mutual Fund",""
"INF109KA1X36","P","ICICI Prudential Short Term Fund - Direct Plan - Half Yearly IDCW","ICICI Prudential Mutual Fund",""
"INF109K013N3","P","ICICI PRUDENTIAL SHORT TERM FUND - DIRECT PLAN - GROWTH OPTION","ICICI Prudential Mutual Fund",""
"INF109K012N5","P","ICICI PRUDENTIAL SHORT TERM FUND - DIRECT PLAN - FORTNIGHTLY IDCW REINVESTMENT","ICICI Prudential Mutual Fund",""
"INF109KA1376","P","ICICI PRUDENTIAL SHORT TERM FUND - BONUS","ICICI Prudential Mutual Fund",""
"INF109K01EJ2","P","ICICI Prudential Savings Fund Retail Weekly Dividend","ICICI Prudential Mutual Fund",""
"INF109K01EI4","P","ICICI Prudential Savings Fund Retail Daily Dividend","ICICI Prudential Mutual Fund",""
"INF109K01753","P","ICICI PRUDENTIAL SAVINGS FUND - WEEKLY IDCW PAYOUT","ICICI Prudential Mutual Fund",""
"INF109K01JO1","P","ICICI Prudential Savings Fund - Weekly IDCW","ICICI Prudential Mutual Fund",""
"INF109K01BX9","P","ICICI PRUDENTIAL SAVINGS FUND - RETAIL GROWTH","ICICI Prudential Mutual Fund",""
"INF109K01BW1","P","ICICI PRUDENTIAL SAVINGS FUND - RETAIL DAILY IDCW REINVESTMENT","ICICI Prudential Mutual Fund",""
"INF109K015Z2","P","ICICI PRUDENTIAL SAVINGS FUND - QUARTERLY IDCW PAYOUT","ICICI Prudential Mutual Fund",""
"INF109K016Z0","P","ICICI Prudential Savings Fund - Quarterly IDCW","ICICI Prudential Mutual Fund",""
"INF109K013Z7","P","ICICI PRUDENTIAL SAVINGS FUND - MONTHLY IDCW PAYOUT","ICICI Prudential Mutual Fund",""
"INF109K014Z5","P","ICICI Prudential Savings Fund - Monthly IDCW","ICICI Prudential Mutual Fund",""
"INF109K01WN6","P","ICICI PRUDENTIAL SAVINGS FUND - IDCW PAYOUT","ICICI Prudential Mutual Fund",""
"INF109K01WO4","P","ICICI Prudential Savings Fund - IDCW Others","ICICI Prudential Mutual Fund",""
"INF109K01746","P","ICICI PRUDENTIAL SAVINGS FUND - GROWTH","ICICI Prudential Mutual Fund",""
"INF109K011Z1","P","ICICI PRUDENTIAL SAVINGS FUND - FORTNIGHTLY IDCW PAYOUT","ICICI Prudential Mutual Fund",""
"INF109K012Z9","P","ICICI Prudential Savings Fund - Fortnightly IDCW","ICICI Prudential Mutual Fund",""
"INF109K01P16","P","ICICI PRUDENTIAL SAVINGS FUND - DIRECT PLAN - WEEKLY IDCW PAYOUT","ICICI Prudential Mutual Fund",""
"INF109K01P08","P","ICICI Prudential Savings Fund - Direct Plan - Weekly IDCW","ICICI Prudential Mutual Fund",""
"INF109K019Y7","P","ICICI PRUDENTIAL SAVINGS FUND - DIRECT PLAN - QUARTERLY IDCW REINVESTMENT","ICICI Prudential Mutual Fund",""
"INF109K010Z3","P","ICICI Prudential Savings Fund - Direct Plan - Quarterly IDCW","ICICI Prudential Mutual Fund",""
"INF109K017Y1","P","ICICI PRUDENTIAL SAVINGS FUND - DIRECT PLAN - MONTHLY IDCW REINVESTMENT","ICICI Prudential Mutual Fund",""
"INF109K018Y9","P","ICICI Prudential Savings Fund - Direct Plan - Monthly IDCW","ICICI Prudential Mutual Fund",""
"INF109K01O74","P","ICICI PRUDENTIAL SAVINGS FUND - DIRECT PLAN - IDCW REINVESTMENT","ICICI Prudential Mutual Fund",""
"INF109K01O90","P","ICICI Prudential Savings Fund - Direct Plan - IDCW Others","ICICI Prudential Mutual Fund",""
"INF109K01O82","P","ICICI PRUDENTIAL SAVINGS FUND - DIRECT PLAN - GROWTH","ICICI Prudential Mutual Fund",""
"INF109K015Y5","P","ICICI PRUDENTIAL SAVINGS FUND - DIRECT PLAN - FORTNIGHTLY IDCW REINVESTMENT","ICICI Prudential Mutual Fund",""
"INF109K016Y3","P","ICICI Prudential Savings Fund - Direct Plan - Fortnightly IDCW","ICICI Prudential Mutual Fund",""
"INF109K01O66","P","ICICI PRUDENTIAL SAVINGS FUND - DIRECT PLAN - DAILY IDCW REINVESTMENT","ICICI Prudential Mutual Fund",""
"INF109K01738","P","ICICI PRUDENTIAL SAVINGS FUND - DAILY IDCW REINVESTMENT","ICICI Prudential Mutual Fund",""
"INF109KA1I92","P","ICICI PRUDENTIAL SAVINGS FUND - BONUS","ICICI Prudential Mutual Fund",""
"INF109K01779","P","ICICI PRUDENTIAL MULTI-ASSET FUND - IDCW PAYOUT","ICICI Prudential Mutual Fund",""
"INF109K01761","P","ICICI PRUDENTIAL MULTI-ASSET FUND - GROWTH","ICICI Prudential Mutual Fund",""
"INF109K01UC3","P","ICICI Prudential Money Market Fund Option - Monthly IDCW","ICICI Prudential Mutual Fund",""
"INF109K01R63","P","ICICI Prudential Money Market Fund Option - Direct Plan -  Monthly IDCW","ICICI Prudential Mutual Fund",""
"INF109K01TW3","P","ICICI PRUDENTIAL MONEY MARKET FUND GROWTH","ICICI Prudential Mutual Fund",""
"INF109K01I72","P","ICICI Prudential Money Market Fund Dividend","ICICI Prudential Mutual Fund",""
"INF109K01TZ6","P","ICICI PRUDENTIAL MONEY MARKET FUND - WEEKLY IDCW REINVESTMENT","ICICI Prudential Mutual Fund",""
"INF109K01UB5","P","ICICI PRUDENTIAL MONEY MARKET FUND - MONTHLY IDCW PAYOUT","ICICI Prudential Mutual Fund",""
"INF109K01I64","P","ICICI PRUDENTIAL MONEY MARKET FUND - IDCW PAYOUT OTHERS","ICICI Prudential Mutual Fund",""
"INF109K01TX1","P","ICICI PRUDENTIAL MONEY MARKET FUND - GROWTH","ICICI Prudential Mutual Fund",""
"INF109K01UA7","P","ICICI PRUDENTIAL MONEY MARKET FUND - FORTNIGHTLY IDCW REINVESTMENT","ICICI Prudential Mutual Fund",""
"INF109KA1H85","P","ICICI PRUDENTIAL MONEY MARKET FUND - DIRECT PLAN BONUS","ICICI Prudential Mutual Fund",""
"INF109K01R89","P","ICICI PRUDENTIAL MONEY MARKET FUND - DIRECT PLAN - WEEKLY IDCW REINVESTMENT","ICICI Prudential Mutual Fund",""
"INF109K01R71","P","ICICI PRUDENTIAL MONEY MARKET FUND - DIRECT PLAN - MONTHLY IDCW PAYOUT","ICICI Prudential Mutual Fund",""
"INF109K01R30","P","ICICI PRUDENTIAL MONEY MARKET FUND - DIRECT PLAN - IDCW REINVESTMENT OTHERS","ICICI Prudential Mutual Fund",""
"INF109K01R14","P","ICICI PRUDENTIAL MONEY MARKET FUND - DIRECT PLAN - GROWTH","ICICI Prudential Mutual Fund",""
"INF109K01R55","P","ICICI PRUDENTIAL MONEY MARKET FUND - DIRECT PLAN - FORTNIGHTLY IDCW REINVESTMENT","ICICI Prudential Mutual Fund",""
"INF109K01R22","P","ICICI PRUDENTIAL MONEY MARKET FUND - DIRECT PLAN - DAILY IDCW REINVESTMENT","ICICI Prudential Mutual Fund",""
"INF109K01TY9","P","ICICI PRUDENTIAL MONEY MARKET FUND - DAILY IDCW REINVESTMENT","ICICI Prudential Mutual Fund",""
"INF109K01UI0","P","ICICI Prudential Medium Term Bond Fund Plan B - Quarterly Dividend","ICICI Prudential Mutual Fund",""
"INF109KA10G7","P","ICICI Prudential Medium Term Bond Fund -Direct Plan - Annual IDCW","ICICI Prudential Mutual Fund",""
"INF109K01IQ8","P","ICICI PRUDENTIAL MEDIUM TERM BOND FUND B - QUARTERLY IDCW PAYOUT","ICICI Prudential Mutual Fund",""
"INF109K01B87","P","ICICI PRUDENTIAL MEDIUM TERM BOND FUND B - HALF YEARLY IDCW REINVESTMENT","ICICI Prudential Mutual Fund",""
"INF109K01AJ0","P","ICICI PRUDENTIAL MEDIUM TERM BOND FUND B - GROWTH","ICICI Prudential Mutual Fund",""
"INF109K01IO3","P","ICICI PRUDENTIAL MEDIUM TERM BOND FUND - QUARTERLY IDCW PAYOUT","ICICI Prudential Mutual Fund",""
"INF109K01UF6","P","ICICI Prudential Medium Term Bond Fund - Quarterly IDCW","ICICI Prudential Mutual Fund",""
"INF109K01B61","P","ICICI PRUDENTIAL MEDIUM TERM BOND FUND - HALF YEARLY IDCW PAYOUT","ICICI Prudential Mutual Fund",""
"INF109K01B53","P","ICICI Prudential Medium Term Bond Fund - Half Yearly IDCW","ICICI Prudential Mutual Fund",""
"INF109K01AH4","P","ICICI PRUDENTIAL MEDIUM TERM BOND FUND - GROWTH","ICICI Prudential Mutual Fund",""
"INF109KA1B81","P","ICICI PRUDENTIAL MEDIUM TERM BOND FUND - DIRECT PLAN BONUS","ICICI Prudential Mutual Fund",""
"INF109K019A7","P","ICICI PRUDENTIAL MEDIUM TERM BOND FUND - DIRECT PLAN - QUARTERLY IDCW REINVESTMENT","ICICI Prudential Mutual Fund",""
"INF109K018A9","P","ICICI Prudential Medium Term Bond Fund - Direct Plan - Quarterly IDCW","ICICI Prudential Mutual Fund",""
"INF109K017A1","P","ICICI PRUDENTIAL MEDIUM TERM BOND FUND - DIRECT PLAN - HALF YEARLY IDCW REINVESTMENT","ICICI Prudential Mutual Fund",""
"INF109K016A3","P","ICICI Prudential Medium Term Bond Fund - Direct Plan - Half Yearly IDCW","ICICI Prudential Mutual Fund",""
"INF109K015A5","P","ICICI PRUDENTIAL MEDIUM TERM BOND FUND - DIRECT PLAN - GROWTH","ICICI Prudential Mutual Fund",""
"INF109KA11G5","P","ICICI PRUDENTIAL MEDIUM TERM BOND FUND - DIRECT PLAN - ANNUAL IDCW PAYOUT","ICICI Prudential Mutual Fund",""
"INF109KA1B99","P","ICICI PRUDENTIAL MEDIUM TERM BOND FUND - BONUS","ICICI Prudential Mutual Fund",""
"INF109KA13G1","P","ICICI PRUDENTIAL MEDIUM TERM BOND FUND - ANNUAL IDCW PAYOUT","ICICI Prudential Mutual Fund",""
"INF109KA12G3","P","ICICI Prudential Medium Term Bond Fund - Annual IDCW","ICICI Prudential Mutual Fund",""
"INF109K01EY1","P","ICICI Prudential Long Term Bond Fund-Institutional Quarterly Dividend","ICICI Prudential Mutual Fund",""
"INF109KA13C0","P","ICICI Prudential Long Term Bond Fund Direct Plan - Annual IDCW","ICICI Prudential Mutual Fund",""
"INF109K01399","P","ICICI PRUDENTIAL LONG TERM BOND FUND - QUARTERLY IDCW PAYOUT","ICICI Prudential Mutual Fund",""
"INF109K01EZ8","P","ICICI Prudential Long Term Bond Fund - Quarterly IDCW","ICICI Prudential Mutual Fund",""
"INF109K01381","P","ICICI PRUDENTIAL LONG TERM BOND FUND - INSTITUTIONAL QUARTERLY IDCW REINVESTMENT","ICICI Prudential Mutual Fund",""
"INF109K01407","P","ICICI PRUDENTIAL LONG TERM BOND FUND - INSTITUTIONAL GROWTH","ICICI Prudential Mutual Fund",""
"INF109K01EW5","P","ICICI Prudential Long Term Bond Fund - Institutional Dividend Halfyearly","ICICI Prudential Mutual Fund",""
"INF109K01357","P","ICICI PRUDENTIAL LONG TERM BOND FUND - HALF YEARLY IDCW PAYOUT","ICICI Prudential Mutual Fund",""
"INF109K01EX3","P","ICICI Prudential Long Term Bond Fund - Half Yearly IDCW","ICICI Prudential Mutual Fund",""
"INF109K01365","P","ICICI PRUDENTIAL LONG TERM BOND FUND - GROWTH","ICICI Prudential Mutual Fund",""
"INF109K011M9","P","ICICI PRUDENTIAL LONG TERM BOND FUND - DIRECT PLAN - QUARTERLY IDCW PAYOUT","ICICI Prudential Mutual Fund",""
"INF109K010M1","P","ICICI Prudential Long Term Bond Fund - Direct Plan - Quarterly IDCW","ICICI Prudential Mutual Fund",""
"INF109K019L4","P","ICICI PRUDENTIAL LONG TERM BOND FUND - DIRECT PLAN - HALF YEARLY IDCW PAYOUT","ICICI Prudential Mutual Fund",""
"INF109K018L6","P","ICICI Prudential Long Term Bond Fund - Direct Plan - Half Yearly IDCW","ICICI Prudential Mutual Fund",""
"INF109K017L8","P","ICICI PRUDENTIAL LONG TERM BOND FUND - DIRECT PLAN - GROWTH","ICICI Prudential Mutual Fund",""
"INF109KA12C2","P","ICICI PRUDENTIAL LONG TERM BOND FUND - DIRECT PLAN - ANNUAL IDCW PAYOUT","ICICI Prudential Mutual Fund",""
"INF109KA1335","P","ICICI PRUDENTIAL LONG TERM BOND FUND - BONUS","ICICI Prudential Mutual Fund",""
"INF109KA10C6","P","ICICI PRUDENTIAL LONG TERM BOND FUND - ANNUAL IDCW PAYOUT","ICICI Prudential Mutual Fund",""
"INF109KA11C4","P","ICICI Prudential Long Term Bond Fund - Annual IDCW","ICICI Prudential Mutual Fund",""
"INF109K01VD9","P","ICICI Prudential Liquid Fund-Annual IDCW","ICICI Prudential Mutual Fund",""
"INF109K01UU5","P","ICICI Prudential Liquid Fund -Quarterly IDCW","ICICI Prudential Mutual Fund",""
"INF109K01VS7","P","ICICI PRUDENTIAL LIQUID FUND - WEEKLY IDCW REINVESTMENT","ICICI Prudential Mutual Fund",""
"INF109K01UV3","P","ICICI PRUDENTIAL LIQUID FUND - RETAIL WEEKLY DIVIDEND REINVESTMENT","ICICI Prudential Mutual Fund",""
"INF109K01US9","P","ICICI PRUDENTIAL LIQUID FUND - RETAIL MONTHLY DIVIDEND PAYOUT","ICICI Prudential Mutual Fund",""
"INF109K01UQ3","P","ICICI PRUDENTIAL LIQUID FUND - RETAIL GROWTH","ICICI Prudential Mutual Fund",""
"INF109K01UR1","P","ICICI PRUDENTIAL LIQUID FUND - RETAIL DAILY DIVIDEND REINVESTMENT","ICICI Prudential Mutual Fund",""
"INF109K01UT7","P","ICICI PRUDENTIAL LIQUID FUND - QUARTERLY IDCW PAYOUT","ICICI Prudential Mutual Fund",""
"INF109K01VR9","P","ICICI PRUDENTIAL LIQUID FUND - MONTHLY IDCW PAYOUT","ICICI Prudential Mutual Fund",""
"INF109K01VJ6","P","ICICI PRUDENTIAL LIQUID FUND - INSTITUTIONAL PLUS PLAN - DIV - DAILY REINVESTMENT","ICICI Prudential Mutual Fund",""
"INF109K01VF4","P","ICICI PRUDENTIAL LIQUID FUND - INSTITUTIONAL PLAN - GROWTH","ICICI Prudential Mutual Fund",""
"INF109K01VH0","P","ICICI PRUDENTIAL LIQUID FUND - INSTITUTIONAL OPTION - I","ICICI Prudential Mutual Fund",""
"INF109K01VE7","P","ICICI PRUDENTIAL LIQUID FUND - INSTITUTIONAL - DAILY - DIV REINVESTMENT","ICICI Prudential Mutual Fund",""
"INF109K01VT5","P","ICICI PRUDENTIAL LIQUID FUND - IDCW PAYOUT","ICICI Prudential Mutual Fund",""
"INF109K01VU3","P","ICICI Prudential Liquid Fund - IDCW Others","ICICI Prudential Mutual Fund",""
"INF109K01UW1","P","ICICI PRUDENTIAL LIQUID FUND - HALF YEARLY IDCW PAYOUT","ICICI Prudential Mutual Fund",""
"INF109K01UX9","P","ICICI Prudential Liquid Fund - Half Yearly IDCW","ICICI Prudential Mutual Fund",""
"INF109K01VQ1","P","ICICI PRUDENTIAL LIQUID FUND - GROWTH","ICICI Prudential Mutual Fund",""
"INF109K01Q98","P","ICICI PRUDENTIAL LIQUID FUND - DIRECT PLAN - WEEKLY IDCW REINVESTMENT","ICICI Prudential Mutual Fund",""
"INF109K01Q80","P","ICICI PRUDENTIAL LIQUID FUND - DIRECT PLAN - QUARTERLY IDCW PAYOUT","ICICI Prudential Mutual Fund",""
"INF109K01Q72","P","ICICI Prudential Liquid Fund - Direct Plan - Quarterly IDCW","ICICI Prudential Mutual Fund",""
"INF109K01R06","P","ICICI PRUDENTIAL LIQUID FUND - DIRECT PLAN - MONTHLY IDCW REINVESTMENT","ICICI Prudential Mutual Fund",""
"INF109K01Q64","P","ICICI PRUDENTIAL LIQUID FUND - DIRECT PLAN - HALF YEARLY IDCW PAYOUT","ICICI Prudential Mutual Fund",""
"INF109K01Q49","P","ICICI PRUDENTIAL LIQUID FUND - DIRECT PLAN - GROWTH","ICICI Prudential Mutual Fund",""
"INF109K01Q15","P","ICICI PRUDENTIAL LIQUID FUND - DIRECT PLAN - DAILY IDCW REINVESTMENT","ICICI Prudential Mutual Fund",""
"INF109KA1G86","P","ICICI PRUDENTIAL LIQUID FUND - DIRECT PLAN - BONUS","ICICI Prudential Mutual Fund",""
"INF109K01Q07","P","ICICI PRUDENTIAL LIQUID FUND - DIRECT PLAN - ANNUAL IDCW PAYOUT","ICICI Prudential Mutual Fund",""
"INF109K01Q56","P","ICICI Prudential Liquid Fund - Direct Plan -  Half Yearly IDCW","ICICI Prudential Mutual Fund",""
"INF109K01P99","P","ICICI Prudential Liquid Fund - Direct Plan -  Annual IDCW","ICICI Prudential Mutual Fund",""
"INF109K01VP3","P","ICICI PRUDENTIAL LIQUID FUND - DAILY IDCW REINVESTMENT","ICICI Prudential Mutual Fund",""
"INF109K01VC1","P","ICICI PRUDENTIAL LIQUID FUND - ANNUAL IDCW PAYOUT","ICICI Prudential Mutual Fund",""
"INF109K01AT9","P","ICICI PRUDENTIAL INFRASTRUCTURE FUND - IDCW PAYOUT","ICICI Prudential Mutual Fund",""
"INF109K01JP8","P","ICICI PRUDENTIAL GILT FUND - IDCW PAYOUT","ICICI Prudential Mutual Fund",""
"INF109K01JQ6","P","ICICI Prudential Gilt Fund - IDCW","ICICI Prudential Mutual Fund",""
"INF109K01JR4","P","ICICI PRUDENTIAL GILT FUND - GROWTH","ICICI Prudential Mutual Fund",""
"INF109KA1H02","P","ICICI PRUDENTIAL GILT FUND - DIRECT PLAN BONUS","ICICI Prudential Mutual Fund",""
"INF109K017C7","P","ICICI PRUDENTIAL GILT FUND - DIRECT PLAN - IDCW PAYOUT","ICICI Prudential Mutual Fund",""
"INF109K016C9","P","ICICI Prudential Gilt Fund - Direct Plan - IDCW","ICICI Prudential Mutual Fund",""
"INF109K018C5","P","ICICI PRUDENTIAL GILT FUND - DIRECT PLAN - GROWTH","ICICI Prudential Mutual Fund",""
"INF109K01EL8","P","ICICI Prudential Floating Interest Fund Plan B - Weekly Dividend Option","ICICI Prudential Mutual Fund",""
"INF109K01EK0","P","ICICI Prudential Floating Interest Fund Plan A - Weekly Dividend Option","ICICI Prudential Mutual Fund",""
"INF109K01993","P","ICICI PRUDENTIAL FLOATING INTEREST FUND C - FORTNIGHTLY DIVIDEND REINVESTMENT","ICICI Prudential Mutual Fund",""
"INF109K01AA9","P","ICICI PRUDENTIAL FLOATING INTEREST FUND C - DAILY DIVIDEND REINVESTMENT","ICICI Prudential Mutual Fund",""
"INF109K01985","P","ICICI PRUDENTIAL FLOATING INTEREST FUND B - WEEKLY DIVIDEND PAYOUT","ICICI Prudential Mutual Fund",""
"INF109K01977","P","ICICI PRUDENTIAL FLOATING INTEREST FUND B - GROWTH","ICICI Prudential Mutual Fund",""
"INF109K01969","P","ICICI PRUDENTIAL FLOATING INTEREST FUND B - FORTNIGHTLY DIVIDEND REINVESTMENT","ICICI Prudential Mutual Fund",""
"INF109K01951","P","ICICI PRUDENTIAL FLOATING INTEREST FUND B - DAILY DIVIDEND REINVESTMENT","ICICI Prudential Mutual Fund",""
"INF109K01944","P","ICICI PRUDENTIAL FLOATING INTEREST FUND A - WEEKLY DIVIDEND PAYOUT","ICICI Prudential Mutual Fund",""
"INF109K01936","P","ICICI PRUDENTIAL FLOATING INTEREST FUND A - GROWTH","ICICI Prudential Mutual Fund",""
"INF109K01910","P","ICICI PRUDENTIAL FLOATING INTEREST FUND A - FORTNIGHTLY DIVIDEND REINVESTMENT","ICICI Prudential Mutual Fund",""
"INF109K01928","P","ICICI PRUDENTIAL FLOATING INTEREST FUND A - DAILY DIVIDEND REINVESTMENT","ICICI Prudential Mutual Fund",""
"INF109K01AY9","P","ICICI PRUDENTIAL FLOATING INTEREST FUND - WEEKLY IDCW PAYOUT","ICICI Prudential Mutual Fund",""
"INF109K01EN4","P","ICICI Prudential Floating Interest Fund - Weekly IDCW","ICICI Prudential Mutual Fund",""
"INF109KA1046","P","ICICI PRUDENTIAL FLOATING INTEREST FUND - QUARTERLY IDCW PAYOUT","ICICI Prudential Mutual Fund",""
"INF109KA1053","P","ICICI Prudential Floating Interest Fund - Quarterly IDCW","ICICI Prudential Mutual Fund",""
"INF109K01WP1","P","ICICI PRUDENTIAL FLOATING INTEREST FUND - OTHERS IDCW PAYOUT","ICICI Prudential Mutual Fund",""
"INF109KA1020","P","ICICI PRUDENTIAL FLOATING INTEREST FUND - MONTHLY IDCW PAYOUT","ICICI Prudential Mutual Fund",""
"INF109KA1038","P","ICICI Prudential Floating Interest Fund - Monthly IDCW","ICICI Prudential Mutual Fund",""
"INF109K01WQ9","P","ICICI Prudential Floating Interest Fund - IDCW Others","ICICI Prudential Mutual Fund",""
"INF109K01AX1","P","ICICI PRUDENTIAL FLOATING INTEREST FUND - GROWTH","ICICI Prudential Mutual Fund",""
"INF109K01AZ6","P","ICICI PRUDENTIAL FLOATING INTEREST FUND - FORTNIGHTLY IDCW PAYOUT","ICICI Prudential Mutual Fund",""
"INF109K01P81","P","ICICI PRUDENTIAL FLOATING INTEREST FUND - DIRECT PLAN - WEEKLY IDCW PAYOUT","ICICI Prudential Mutual Fund",""
"INF109K01P73","P","ICICI Prudential Floating Interest Fund - Direct Plan - Weekly IDCW","ICICI Prudential Mutual Fund",""
"INF109K019Z4","P","ICICI PRUDENTIAL FLOATING INTEREST FUND - DIRECT PLAN - QUARTERLY IDCW REINVESTMENT","ICICI Prudential Mutual Fund",""
"INF109KA1012","P","ICICI Prudential Floating Interest Fund - Direct Plan - Quarterly IDCW","ICICI Prudential Mutual Fund",""
"INF109K01P32","P","ICICI PRUDENTIAL FLOATING INTEREST FUND - DIRECT PLAN - OTHERS IDCW REINVESTMENT","ICICI Prudential Mutual Fund",""
"INF109K017Z8","P","ICICI PRUDENTIAL FLOATING INTEREST FUND - DIRECT PLAN - MONTHLY IDCW REINVESTMENT","ICICI Prudential Mutual Fund",""
"INF109K018Z6","P","ICICI Prudential Floating Interest Fund - Direct Plan - Monthly IDCW","ICICI Prudential Mutual Fund",""
"INF109K01P65","P","ICICI Prudential Floating Interest Fund - Direct Plan - IDCW Others","ICICI Prudential Mutual Fund",""
"INF109K01P57","P","ICICI PRUDENTIAL FLOATING INTEREST FUND - DIRECT PLAN - GROWTH","ICICI Prudential Mutual Fund",""
"INF109K01P40","P","ICICI PRUDENTIAL FLOATING INTEREST FUND - DIRECT PLAN - FORTNIGHTLY IDCW REINVESTMENT","ICICI Prudential Mutual Fund",""
"INF109K01P24","P","ICICI PRUDENTIAL FLOATING INTEREST FUND - DIRECT PLAN - DAILY IDCW REINVESTMENT","ICICI Prudential Mutual Fund",""
"INF109K01AW3","P","ICICI PRUDENTIAL FLOATING INTEREST FUND - DAILY IDCW REINVESTMENT","ICICI Prudential Mutual Fund",""
"INF109KA1I43","P","ICICI PRUDENTIAL FLOATING INTEREST FUND - BONUS","ICICI Prudential Mutual Fund",""
"INF109K01498","P","ICICI PRUDENTIAL EQUITY AND DEBT FUND - MONTHLY IDCW PAYOUT","ICICI Prudential Mutual Fund",""
"INF109K01GW0","P","ICICI PRUDENTIAL CREDIT RISK FUND - QUARTERLY IDCW PAYOUT","ICICI Prudential Mutual Fund",""
"INF109K01GV2","P","ICICI Prudential Credit Risk Fund - Quarterly IDCW","ICICI Prudential Mutual Fund",""
"INF109K01GY6","P","ICICI PRUDENTIAL CREDIT RISK FUND - HALF YEARLY IDCW PAYOUT","ICICI Prudential Mutual Fund",""
"INF109K01GX8","P","ICICI Prudential Credit Risk Fund - Half Yearly IDCW","ICICI Prudential Mutual Fund",""
"INF109K01GU4","P","ICICI PRUDENTIAL CREDIT RISK FUND - GROWTH","ICICI Prudential Mutual Fund",""
"INF109K01V42","P","ICICI PRUDENTIAL CREDIT RISK FUND - DIRECT PLAN - QUARTERLY IDCW REINVESTMENT","ICICI Prudential Mutual Fund",""
"INF109K01V34","P","ICICI Prudential Credit Risk Fund - Direct Plan - Quarterly IDCW","ICICI Prudential Mutual Fund",""
"INF109K01V26","P","ICICI PRUDENTIAL CREDIT RISK FUND - DIRECT PLAN - HALF YEARLY IDCW REINVESTMENT","ICICI Prudential Mutual Fund",""
"INF109K01V18","P","ICICI Prudential Credit Risk Fund - Direct Plan - Half Yearly IDCW","ICICI Prudential Mutual Fund",""
"INF109K01V00","P","ICICI PRUDENTIAL CREDIT RISK FUND - DIRECT PLAN - GROWTH","ICICI Prudential Mutual Fund",""
"INF109KB1AE3","P","ICICI PRUDENTIAL CREDIT RISK FUND - DIRECT PLAN - ANNUAL IDCW PAYOUT","ICICI Prudential Mutual Fund",""
"INF109KB1AD5","P","ICICI Prudential Credit Risk Fund - Direct Plan - Annual IDCW","ICICI Prudential Mutual Fund",""
"INF109KA1I27","P","ICICI PRUDENTIAL CREDIT RISK FUND - BONUS","ICICI Prudential Mutual Fund",""
"INF109KB1AG8","P","ICICI PRUDENTIAL CREDIT RISK FUND - ANNUAL IDCW PAYOUT","ICICI Prudential Mutual Fund",""
"INF109KB1AF0","P","ICICI Prudential Credit Risk Fund - Annual IDCW","ICICI Prudential Mutual Fund",""
"INF109K01CG2","P","ICICI PRUDENTIAL CORPORATE BOND FUND RETAIL WEEKLY DIVIDEND PAYOUT","ICICI Prudential Mutual Fund",""
"INF109K01SE3","P","ICICI Prudential Corporate Bond Fund Retail Weekly Dividend","ICICI Prudential Mutual Fund",""
"INF109K01CJ6","P","ICICI PRUDENTIAL CORPORATE BOND FUND RETAIL QUARTERLY DIVIDEND PAYOUT","ICICI Prudential Mutual Fund",""
"INF109K01FQ4","P","ICICI Prudential Corporate Bond Fund Retail Quarterly Dividend","ICICI Prudential Mutual Fund",""
"INF109K01CI8","P","ICICI PRUDENTIAL CORPORATE BOND FUND RETAIL MONTHLY DIVIDEND PAYOUT","ICICI Prudential Mutual Fund",""
"INF109K01QM0","P","ICICI Prudential Corporate Bond Fund Retail Monthly Dividend","ICICI Prudential Mutual Fund",""
"INF109K01CE7","P","ICICI PRUDENTIAL CORPORATE BOND FUND RETAIL GROWTH","ICICI Prudential Mutual Fund",""
"INF109K01CH0","P","ICICI PRUDENTIAL CORPORATE BOND FUND RETAIL FORT NIGHTLY DIVIDEND PAYOUT","ICICI Prudential Mutual Fund",""
"INF109K01SF0","P","ICICI Prudential Corporate Bond Fund Retail Fort Nightly Dividend","ICICI Prudential Mutual Fund",""
"INF109K01CF4","P","ICICI PRUDENTIAL CORPORATE BOND FUND RETAIL DAILY DIVIDEND REINVESTMENT","ICICI Prudential Mutual Fund",""
"INF109K01SN4","P","ICICI Prudential Corporate Bond Fund -Quarterly IDCW","ICICI Prudential Mutual Fund",""
"INF109K01CL2","P","ICICI PRUDENTIAL CORPORATE BOND FUND PREMIUM DAILY DIVIDEND REINVESTMENT","ICICI Prudential Mutual Fund",""
"INF109K01SM6","P","ICICI PRUDENTIAL CORPORATE BOND FUND - WEEKLY IDCW PAYOUT","ICICI Prudential Mutual Fund",""
"INF109K01SL8","P","ICICI Prudential Corporate Bond Fund - Weekly IDCW","ICICI Prudential Mutual Fund",""
"INF109K01SO2","P","ICICI PRUDENTIAL CORPORATE BOND FUND - QUARTERLY IDCW PAYOUT","ICICI Prudential Mutual Fund",""
"INF109K01CT5","P","ICICI PRUDENTIAL CORPORATE BOND FUND - MONTHLY IDCW PAYOUT","ICICI Prudential Mutual Fund",""
"INF109K01SK0","P","ICICI Prudential Corporate Bond Fund - Monthly IDCW","ICICI Prudential Mutual Fund",""
"INF109KA1N04","P","ICICI PRUDENTIAL CORPORATE BOND FUND - HALF YEARLY IDCW PAYOUT","ICICI Prudential Mutual Fund",""
"INF109KA1N12","P","ICICI Prudential Corporate Bond Fund - Half Yearly IDCW Option","ICICI Prudential Mutual Fund",""
"INF109K01CQ1","P","ICICI PRUDENTIAL CORPORATE BOND FUND - GROWTH","ICICI Prudential Mutual Fund",""
"INF109K01CS7","P","ICICI PRUDENTIAL CORPORATE BOND FUND - FORTNIGHTLY IDCW PAYOUT","ICICI Prudential Mutual Fund",""
"INF109K01SJ2","P","ICICI Prudential Corporate Bond Fund - Fortnightly IDCW","ICICI Prudential Mutual Fund",""
"INF109K011C0","P","ICICI PRUDENTIAL CORPORATE BOND FUND - DIRECT PLAN - WEEKLY IDCW PAYOUT","ICICI Prudential Mutual Fund",""
"INF109K010C2","P","ICICI Prudential Corporate Bond Fund - Direct Plan - Weekly IDCW","ICICI Prudential Mutual Fund",""
"INF109K012C8","P","ICICI PRUDENTIAL CORPORATE BOND FUND - DIRECT PLAN - QUARTERLY IDCW PAYOUT","ICICI Prudential Mutual Fund",""
"INF109K019B5","P","ICICI Prudential Corporate Bond Fund - Direct Plan - Quarterly IDCW","ICICI Prudential Mutual Fund",""
"INF109K018B7","P","ICICI PRUDENTIAL CORPORATE BOND FUND - DIRECT PLAN - MONTHLY IDCW PAYOUT","ICICI Prudential Mutual Fund",""
"INF109K017B9","P","ICICI Prudential Corporate Bond Fund - Direct Plan - Monthly IDCW","ICICI Prudential Mutual Fund",""
"INF109KA1N20","P","ICICI PRUDENTIAL CORPORATE BOND FUND - DIRECT PLAN - HALF YEARLY IDCW PAYOUT","ICICI Prudential Mutual Fund",""
"INF109KA1N38","P","ICICI Prudential Corporate Bond Fund - Direct Plan - Half Yearly IDCW Option","ICICI Prudential Mutual Fund",""
"INF109K016B1","P","ICICI PRUDENTIAL CORPORATE BOND FUND - DIRECT PLAN - GROWTH","ICICI Prudential Mutual Fund",""
"INF109K015B3","P","ICICI PRUDENTIAL CORPORATE BOND FUND - DIRECT PLAN - FORTNIGHTLY IDCW PAYOUT","ICICI Prudential Mutual Fund",""
"INF109K014B6","P","ICICI Prudential Corporate Bond Fund - Direct Plan - Fortnightly IDCW","ICICI Prudential Mutual Fund",""
"INF109K013B8","P","ICICI PRUDENTIAL CORPORATE BOND FUND - DIRECT PLAN - DAILY IDCW REINVESTMENT","ICICI Prudential Mutual Fund",""
"INF109K01CR9","P","ICICI PRUDENTIAL CORPORATE BOND FUND - DAILY IDCW REINVESTMENT","ICICI Prudential Mutual Fund",""
"INF109KA1I84","P","ICICI PRUDENTIAL CORPORATE BOND FUND - BONUS","ICICI Prudential Mutual Fund",""
"INF109K01ET1","P","ICICI Prudential Bond Fund- Institutional Quarterly Dividend","ICICI Prudential Mutual Fund",""
"INF109K01ES3","P","ICICI Prudential Bond Fund- Institutional Monthly Dividend","ICICI Prudential Mutual Fund",""
"INF109K01BS9","P","ICICI PRUDENTIAL BOND FUND - QUARTERLY IDCW PAYOUT","ICICI Prudential Mutual Fund",""
"INF109K01BP5","P","ICICI PRUDENTIAL BOND FUND - MONTHLY IDCW PAYOUT","ICICI Prudential Mutual Fund",""
"INF109K01BT7","P","ICICI PRUDENTIAL BOND FUND - INSTITUTIONAL QUARTERLY IDCW REINVESTMENT","ICICI Prudential Mutual Fund",""
"INF109K01BR1","P","ICICI PRUDENTIAL BOND FUND - INSTITUTIONAL MONTHLY IDCW REINVESTMENT","ICICI Prudential Mutual Fund",""
"INF109K01BQ3","P","ICICI PRUDENTIAL BOND FUND - INSTITUTIONAL GROWTH","ICICI Prudential Mutual Fund",""
"INF109K01EV7","P","ICICI Prudential Bond Fund - IDCW Quarterly","ICICI Prudential Mutual Fund",""
"INF109K01EU9","P","ICICI Prudential Bond Fund - IDCW Monthly","ICICI Prudential Mutual Fund",""
"INF109KA1X44","P","ICICI PRUDENTIAL BOND FUND - HALF YEARLY IDCW PAYOUT","ICICI Prudential Mutual Fund",""
"INF109KA1X51","P","ICICI Prudential Bond Fund - Half Yearly IDCW","ICICI Prudential Mutual Fund",""
"INF109K01BO8","P","ICICI PRUDENTIAL BOND FUND - GROWTH","ICICI Prudential Mutual Fund",""
"INF109K01V91","P","ICICI PRUDENTIAL BOND FUND - DIRECT PLAN - QUARTERLY IDCW PAYOUT","ICICI Prudential Mutual Fund",""
"INF109K01V67","P","ICICI PRUDENTIAL BOND FUND - DIRECT PLAN - MONTHLY IDCW PAYOUT","ICICI Prudential Mutual Fund",""
"INF109K01V75","P","ICICI Prudential Bond Fund - Direct Plan - IDCW Quarterly","ICICI Prudential Mutual Fund",""
"INF109K01V59","P","ICICI Prudential Bond Fund - Direct Plan - IDCW Monthly","ICICI Prudential Mutual Fund",""
"INF109KA1X69","P","ICICI PRUDENTIAL BOND FUND - DIRECT PLAN - HALF YEARLY IDCW PAYOUT","ICICI Prudential Mutual Fund",""
"INF109KA1X77","P","ICICI Prudential Bond Fund - Direct Plan - Half Yearly IDCW","ICICI Prudential Mutual Fund",""
"INF109K01V83","P","ICICI PRUDENTIAL BOND FUND - DIRECT PLAN - GROWTH","ICICI Prudential Mutual Fund",""
"INF109K01BM2","P","ICICI PRUDENTIAL BLUECHIP FUND - IDCW PAYOUT","ICICI Prudential Mutual Fund",""
"INF109K01BL4","P","ICICI PRUDENTIAL BLUECHIP FUND - GROWTH","ICICI Prudential Mutual Fund",""
"INF109K016L0","P","ICICI PRUDENTIAL BLUECHIP FUND - DIRECT PLAN - GROWTH","ICICI Prudential Mutual Fund",""
"INF109K01WW7","P","ICICI Prudential Banking and PSU Debt Fund Retail Daily Dividend","ICICI Prudential Mutual Fund",""
"INF109KA1M70","P","ICICI Prudential Banking and PSU Debt Fund Half Yearly IDCW Option","ICICI Prudential Mutual Fund",""
"INF109K01RU1","P","ICICI PRUDENTIAL BANKING AND PSU DEBT FUND - WEEKLY IDCW PAYOUT","ICICI Prudential Mutual Fund",""
"INF109K01YD3","P","ICICI PRUDENTIAL BANKING AND PSU DEBT FUND - QUARTERLY IDCW PAYOUT","ICICI Prudential Mutual Fund",""
"INF109K01YE1","P","ICICI Prudential Banking and PSU Debt Fund - Quarterly IDCW","ICICI Prudential Mutual Fund",""
"INF109KA1M62","P","ICICI PRUDENTIAL BANKING AND PSU DEBT FUND - HALF YEARLY IDCW PAYOUT","ICICI Prudential Mutual Fund",""
"INF109K01RT3","P","ICICI PRUDENTIAL BANKING AND PSU DEBT FUND - GROWTH","ICICI Prudential Mutual Fund",""
"INF109KA1M96","P","ICICI Prudential Banking and PSU Debt Fund - Direct Plan Half Yearly IDCW Option","ICICI Prudential Mutual Fund",""
"INF109K014A8","P","ICICI PRUDENTIAL BANKING AND PSU DEBT FUND - DIRECT PLAN - WEEKLY IDCW PAYOUT","ICICI Prudential Mutual Fund",""
"INF109K012A2","P","ICICI PRUDENTIAL BANKING AND PSU DEBT FUND - DIRECT PLAN - QUARTERLY IDCW PAYOUT","ICICI Prudential Mutual Fund",""
"INF109KA1M88","P","ICICI PRUDENTIAL BANKING AND PSU DEBT FUND - DIRECT PLAN - HALF YEARLY IDCW PAYOUT","ICICI Prudential Mutual Fund",""
"INF109K010A6","P","ICICI PRUDENTIAL BANKING AND PSU DEBT FUND - DIRECT PLAN - GROWTH","ICICI Prudential Mutual Fund",""
"INF109K01Z97","P","ICICI PRUDENTIAL BANKING AND PSU DEBT FUND - DIRECT PLAN - DAILY IDCW PAYOUT","ICICI Prudential Mutual Fund",""
"INF109K013A0","P","ICICI Prudential Banking and PSU Debt Fund - Direct Plan -  Weekly IDCW","ICICI Prudential Mutual Fund",""
"INF109K011A4","P","ICICI Prudential Banking and PSU Debt Fund - Direct Plan -  Quarterly IDCW","ICICI Prudential Mutual Fund",""
"INF109K01Z89","P","ICICI Prudential Banking and PSU Debt Fund - Direct Plan -  Daily IDCW","ICICI Prudential Mutual Fund",""
"INF109K01RV9","P","ICICI PRUDENTIAL BANKING AND PSU DEBT FUND - DAILY IDCW PAYOUT","ICICI Prudential Mutual Fund",""
"INF109KA1B57","P","ICICI PRUDENTIAL BANKING AND PSU DEBT FUND - BONUS","ICICI Prudential Mutual Fund",""
"INF109K01WR7","P","ICICI Prudential Banking and PSU Debt Fund -  Weekly IDCW","ICICI Prudential Mutual Fund",""
"INF109K01WS5","P","ICICI Prudential Banking and PSU Debt Fund -  Daily IDCW","ICICI Prudential Mutual Fund",""
"INF109K01BU5","P","ICICI PRUDENTIAL BANKING AND FINANCIAL SERVICES FUND - GROWTH","ICICI Prudential Mutual Fund",""
"INF109K017W5","P","ICICI PRUDENTIAL BALANCED ADVANTAGE FUND - MONTHLY IDCW PAYOUT","ICICI Prudential Mutual Fund",""
"INF109K01GH1","P","ICICI PRUDENTIAL ALL SEASONS BOND FUND RETAIL - QUARTERLY DIVIDEND PAYOUT","ICICI Prudential Mutual Fund",""
"INF109K01GG3","P","ICICI Prudential All Seasons Bond Fund Retail - Quarterly Dividend","ICICI Prudential Mutual Fund",""
"INF109K01712","P","ICICI PRUDENTIAL ALL SEASONS BOND FUND RETAIL - CUMULATIVE","ICICI Prudential Mutual Fund",""
"INF109K01GM1","P","ICICI PRUDENTIAL ALL SEASONS BOND FUND PREMIUM - CUMULATIVE","ICICI Prudential Mutual Fund",""
"INF109K01704","P","ICICI PRUDENTIAL ALL SEASONS BOND FUND - WEEKLY IDCW PAYOUT","ICICI Prudential Mutual Fund",""
"INF109K01FD2","P","ICICI Prudential All Seasons Bond Fund - Weekly IDCW","ICICI Prudential Mutual Fund",""
"INF109K01GF5","P","ICICI PRUDENTIAL ALL SEASONS BOND FUND - QUARTERLY IDCW PAYOUT","ICICI Prudential Mutual Fund",""
"INF109K01GE8","P","ICICI Prudential All Seasons Bond Fund - Quarterly IDCW","ICICI Prudential Mutual Fund",""
"INF109K01GL3","P","ICICI PRUDENTIAL ALL SEASONS BOND FUND - IDCW PAYOUT","ICICI Prudential Mutual Fund",""
"INF109K01GK5","P","ICICI Prudential All Seasons Bond Fund - IDCW","ICICI Prudential Mutual Fund",""
"INF109K01GN9","P","ICICI PRUDENTIAL ALL SEASONS BOND FUND - GROWTH","ICICI Prudential Mutual Fund",""
"INF109KA1H28","P","ICICI PRUDENTIAL ALL SEASONS BOND FUND - DIRECT PLAN BONUS","ICICI Prudential Mutual Fund",""
"INF109K010F5","P","ICICI PRUDENTIAL ALL SEASONS BOND FUND - DIRECT PLAN - WEEKLY IDCW PAYOUT","ICICI Prudential Mutual Fund",""
"INF109K019E9","P","ICICI Prudential All Seasons Bond Fund - Direct Plan - Weekly IDCW","ICICI Prudential Mutual Fund",""
"INF109K018E1","P","ICICI PRUDENTIAL ALL SEASONS BOND FUND - DIRECT PLAN - QUARTERLY IDCW REINVESTMENT","ICICI Prudential Mutual Fund",""
"INF109K017E3","P","ICICI Prudential All Seasons Bond Fund - Direct Plan - Quarterly IDCW","ICICI Prudential Mutual Fund",""
"INF109K015E7","P","ICICI PRUDENTIAL ALL SEASONS BOND FUND - DIRECT PLAN - IDCW PAYOUT","ICICI Prudential Mutual Fund",""
"INF109K014E0","P","ICICI Prudential All Seasons Bond Fund - Direct Plan - IDCW","ICICI Prudential Mutual Fund",""
"INF109K016E5","P","ICICI PRUDENTIAL ALL SEASONS BOND FUND - DIRECT PLAN - GROWTH","ICICI Prudential Mutual Fund",""
"INF109K013E2","P","ICICI PRUDENTIAL ALL SEASONS BOND FUND - DIRECT PLAN - ANNUAL IDCW REINVESTMENT","ICICI Prudential Mutual Fund",""
"INF109K012E4","P","ICICI Prudential All Seasons Bond Fund - Direct Plan - Annual IDCW","ICICI Prudential Mutual Fund",""
"INF109KA1H36","P","ICICI PRUDENTIAL ALL SEASONS BOND FUND - BONUS","ICICI Prudential Mutual Fund",""
"INF109K01GP4","P","ICICI PRUDENTIAL ALL SEASONS BOND FUND - ANNUAL IDCW PAYOUT","ICICI Prudential Mutual Fund",""
"INF109K01GO7","P","ICICI Prudential All Seasons Bond Fund - Annual IDCW","ICICI Prudential Mutual Fund",""
"INF109K01II5","P","BANKING AND PSU DEBT RETAIL GROWTH","ICICI Prudential Mutual Fund",""
"INF109K01373","P","ICICI Pru Long Term Bond Fund - Inst (IDCW)-10114","ICICI Prudential Mutual Fund",""
"INF109K01JM5","P","ICICI Pru Banking & PSU Debt Fund Retail (IDCW-D)-11551","ICICI Prudential Mutual Fund",""
"INF109K01BY7","P","ICICI Pru Savings Fund - Retail (IDCW-W)-10362","ICICI Prudential Mutual Fund",""
"INF277K012Z5","T","TATA MULTI ASSET OPPORTUNITIES FUND REGULAR PLAN GROWTH","Tata Mutual Fund",""
"INF277K019Y3","T","TATA MULTI ASSET OPPORTUNITIES FUND DIRECT PLAN GROWTH","Tata Mutual Fund",""
"INF277K013Z3","T","TATA MULTI ASSET OPPORTUNITIES FUND - REGULAR PLAN - IDCW PAYOUT","Tata Mutual Fund",""
"INF277K010Z9","T","TATA MULTI ASSET OPPORTUNITIES FUND - DIRECT PLAN - IDCW PAYOUT","Tata Mutual Fund",""
"INF277K01FI6","T","TATA RETIREMENT SAVINGS FUND - CONSERVATIVE PLAN - GROWTH","Tata Mutual Fund",""
"INF277K01QM5","T","TATA RETIREMENT SAVINGS FUND - CONSERVATIVE DIRECT PLAN - GROWTH","Tata Mutual Fund",""
"INF277K015O2","T","TATA SMALL CAP FUND REGULAR PLAN GROWTH","Tata Mutual Fund",""
"INF277K011O1","T","TATA SMALL CAP FUND DIRECT PLAN GROWTH","Tata Mutual Fund",""
"INF277K016O0","T","TATA SMALL CAP FUND - REGULAR PLAN - IDCW PAYOUT","Tata Mutual Fund",""
"INF277K012O9","T","TATA SMALL CAP FUND - DIRECT PLAN - IDCW PAYOUT","Tata Mutual Fund",""
"INF277K01FG0","T","TATA RETIREMENT SAVINGS FUND - PROGRESSIVE PLAN - GROWTH","Tata Mutual Fund",""
"INF277K01QO1","T","TATA RETIREMENT SAVINGS FUND - PROGRESSIVE DIRECT PLAN - GROWTH","Tata Mutual Fund",""
"INF277K01FH8","T","TATA RETIREMENT SAVINGS FUND - MODERATE PLAN - GROWTH","Tata Mutual Fund",""
"INF277K01QN3","T","TATA RETIREMENT SAVINGS FUND - MODERATE DIRECT PLAN - GROWTH","Tata Mutual Fund",""
"INF277K012B6","T","TATA RESOURCES AND ENERGY FUND REGULAR PLAN GROWTH","Tata Mutual Fund",""
"INF277K015B9","T","TATA RESOURCES AND ENERGY FUND DIRECT PLAN GROWTH","Tata Mutual Fund",""
"INF277K016Y9","T","TATA QUANT FUND REGULAR PLAN GROWTH","Tata Mutual Fund",""
"INF277K013Y6","T","TATA QUANT FUND DIRECT PLAN GROWTH","Tata Mutual Fund",""
"INF277K017Y7","T","TATA QUANT FUND - REGULAR PLAN - IDCW PAYOUT","Tata Mutual Fund",""
"INF277K014Y4","T","TATA QUANT FUND - DIRECT PLAN - IDCW PAYOUT","Tata Mutual Fund",""
"INF277K01626","T","TATA MID CAP GROWTH FUND REGULAR PLAN GROWTH","Tata Mutual Fund",""
"INF277K01642","T","TATA MID CAP GROWTH FUND REGULAR PLAN - IDCW REINVESTMENT","Tata Mutual Fund",""
"INF277K01PY2","T","TATA MID CAP GROWTH FUND DIRECT PLAN GROWTH","Tata Mutual Fund",""
"INF277K01PX4","T","TATA MID CAP GROWTH FUND DIRECT PLAN - IDCW PAYOUT","Tata Mutual Fund",""
"INF277K01923","T","TATA LARGE CAP FUND REGULAR IDCW REINVESTMENT","Tata Mutual Fund",""
"INF277K01931","T","TATA LARGE CAP FUND REGULAR GROWTH","Tata Mutual Fund",""
"INF277K01QY0","T","TATA LARGE CAP FUND DIRECT PLAN IDCW PAYOUT","Tata Mutual Fund",""
"INF277K01QZ7","T","TATA LARGE CAP FUND DIRECT PLAN GROWTH","Tata Mutual Fund",""
"INF277K01428","T","TATA LARGE AND MID CAP FUND REGULAR PLAN GROWTH","Tata Mutual Fund",""
"INF277K01410","T","TATA LARGE AND MID CAP FUND REGULAR PLAN - IDCW REINVESTMENT","Tata Mutual Fund",""
"INF277K01MK8","T","TATA LARGE AND MID CAP FUND DIRECT PLAN GROWTH","Tata Mutual Fund",""
"INF277K01MJ0","T","TATA LARGE AND MID CAP FUND DIRECT PLAN - IDCW PAYOUT","Tata Mutual Fund",""
"INF277K01782","T","TATA INFRASTRUCTURE FUND REGULAR PLAN GROWTH","Tata Mutual Fund",""
"INF277K01774","T","TATA INFRASTRUCTURE FUND REGULAR PLAN - IDCW REINVESTMENT","Tata Mutual Fund",""
"INF277K01PQ8","T","TATA INFRASTRUCTURE FUND DIRECT PLAN GROWTH","Tata Mutual Fund",""
"INF277K01PP0","T","TATA INFRASTRUCTURE FUND DIRECT PLAN - IDCW PAYOUT","Tata Mutual Fund",""
"INF277K016A9","T","TATA INDIA PHARMA AND HEALTHCARE FUND REGULAR PLAN GROWTH","Tata Mutual Fund",""
"INF277K019A3","T","TATA INDIA PHARMA AND HEALTHCARE FUND DIRECT PLAN GROWTH","Tata Mutual Fund",""
"INF277K013A6","T","TATA INDIA CONSUMER FUND DIRECT PLAN GROWTH","Tata Mutual Fund",""
"INF277K01758","T","TATA INDEX FUND SENSEX - REGULAR PLAN - GROWTH","Tata Mutual Fund",""
"INF277K01PK1","T","TATA INDEX FUND SENSEX - DIRECT PLAN - GROWTH","Tata Mutual Fund",""
"INF277K01PJ3","T","TATA INDEX FUND NIFTY - DIRECT PLAN - GROWTH","Tata Mutual Fund",""
"INF277K01741","T","TATA INDEX FUND NIFTY  - REGULAR PLAN - GROWTH","Tata Mutual Fund",""
"INF277K01303","T","TATA HYBRID EQUITY FUND REGULAR PLAN GROWTH","Tata Mutual Fund",""
"INF277K01295","T","TATA HYBRID EQUITY FUND REGULAR PLAN - PERIODIC IDCW REINVESTMENT","Tata Mutual Fund",""
"INF277K01CW4","T","TATA HYBRID EQUITY FUND REGULAR PLAN - MONTHLY IDCW REINVESTMENT","Tata Mutual Fund",""
"INF277K01MN2","T","TATA HYBRID EQUITY FUND DIRECT PLAN GROWTH","Tata Mutual Fund",""
"INF277K01MM4","T","TATA HYBRID EQUITY FUND DIRECT PLAN - PERIODIC IDCW PAYOUT","Tata Mutual Fund",""
"INF277K01MP7","T","TATA HYBRID EQUITY FUND DIRECT PLAN - MONTHLY IDCW PAYOUT","Tata Mutual Fund",""
"INF277K010Y2","T","TATA FOCUSED EQUITY FUND REGULAR PLAN GROWTH","Tata Mutual Fund",""
"INF277K017X9","T","TATA FOCUSED EQUITY FUND DIRECT PLAN GROWTH","Tata Mutual Fund",""
"INF277K011Y0","T","TATA FOCUSED EQUITY FUND - REGULAR PLAN - IDCW PAYOUT","Tata Mutual Fund",""
"INF277K018X7","T","TATA FOCUSED EQUITY FUND - DIRECT PLAN - IDCW PAYOUT","Tata Mutual Fund",""
"INF277K019K2","T","TATA FLEXI CAP FUND - REGULAR PLAN - GROWTH","Tata Mutual Fund",""
"INF277K015K0","T","TATA FLEXI CAP FUND - DIRECT PLAN - GROWTH OPTION","Tata Mutual Fund",""
"INF277K01956","T","TATA ETHICAL FUND REGULAR PLAN GROWTH","Tata Mutual Fund",""
"INF277K01949","T","TATA ETHICAL FUND REGULAR PLAN - IDCW REINVESTMENT","Tata Mutual Fund",""
"INF277K01NG4","T","TATA ETHICAL FUND DIRECT PLAN GROWTH","Tata Mutual Fund",""
"INF277K01NF6","T","TATA ETHICAL FUND DIRECT PLAN - IDCW PAYOUT","Tata Mutual Fund",""
"INF277K01907","T","TATA EQUITY SAVINGS FUND REGULAR PLAN GROWTH","Tata Mutual Fund",""
"INF277K01915","T","TATA EQUITY SAVINGS FUND REGULAR PLAN - PERIODIC IDCW REINVESTMENT","Tata Mutual Fund",""
"INF277K01899","T","TATA EQUITY SAVINGS FUND REGULAR PLAN - MONTHLY IDCW REINVESTMENT","Tata Mutual Fund",""
"INF277K01QH5","T","TATA EQUITY SAVINGS FUND DIRECT PLAN GROWTH","Tata Mutual Fund",""
"INF277K01QL7","T","TATA EQUITY SAVINGS FUND DIRECT PLAN - PERIODIC IDCW PAYOUT","Tata Mutual Fund",""
"INF277K01QJ1","T","TATA EQUITY SAVINGS FUND DIRECT PLAN - MONTHLY IDCW PAYOUT","Tata Mutual Fund",""
"INF277K01451","T","TATA EQUITY P/E FUND REGULAR PLAN GROWTH","Tata Mutual Fund",""
"INF277K01444","T","TATA EQUITY P/E FUND REGULAR PLAN - IDCW TRIGGER B (10%) REINVESTMENT","Tata Mutual Fund",""
"INF277K01436","T","TATA EQUITY P/E FUND REGULAR PLAN - IDCW TRIGGER A (5%) REINVESTMENT","Tata Mutual Fund",""
"INF277K01ND1","T","TATA EQUITY P/E FUND DIRECT PLAN GROWTH","Tata Mutual Fund",""
"INF277K01NC3","T","TATA EQUITY P/E FUND DIRECT PLAN - IDCW TRIGGER B (10%) PAYOUT","Tata Mutual Fund",""
"INF277K01NA7","T","TATA EQUITY P/E FUND DIRECT PLAN - IDCW TRIGGER A (5%) PAYOUT","Tata Mutual Fund",""
"INF277K01Z44","T","TATA DIGITAL INDIA FUND REGULAR PLAN GROWTH","Tata Mutual Fund",""
"INF277K01Z77","T","TATA DIGITAL INDIA FUND DIRECT PLAN GROWTH","Tata Mutual Fund",""
"INF277K01Y86","T","TATA BANKING AND FINANCIAL SERVICES FUND REGULAR PLAN GROWTH","Tata Mutual Fund",""
"INF277K01Z10","T","TATA BANKING AND FINANCIAL SERVICES FUND DIRECT PLAN GROWTH","Tata Mutual Fund",""
"INF277K010S4","T","TATA BALANCED ADVANTAGE FUND REGULAR PLAN GROWTH","Tata Mutual Fund",""
"INF277K013S8","T","TATA BALANCED ADVANTAGE FUND DIRECT PLAN GROWTH","Tata Mutual Fund",""
"INF277K012S0","T","TATA BALANCED ADVANTAGE FUND - REGULAR PLAN - IDCW PAYOUT","Tata Mutual Fund",""
"INF277K015S3","T","TATA BALANCED ADVANTAGE FUND - DIRECT PLAN - IDCW PAYOUT","Tata Mutual Fund",""
"INF277K015Q7","T","TATA ARBITRAGE FUND REGULAR PLAN GROWTH","Tata Mutual Fund",""
"INF277K017Q3","T","TATA ARBITRAGE FUND DIRECT PLAN GROWTH","Tata Mutual Fund",""
"INF277K01DS0","T","Tata Mid Cap Growth Fund-Regular Plan - IDCW Option","Tata Mutual Fund",""
"INF277K01PW6","T","Tata Mid Cap Growth Fund - Direct Plan- IDCW Option","Tata Mutual Fund",""
"INF277K01EG3","T","Tata Large Cap Fund- Regular Plan - Payout of IDCW Option","Tata Mutual Fund",""
"INF277K01QX2","T","Tata Large Cap Fund- Direct Plan - Payout of IDCW Option","Tata Mutual Fund",""
"INF277K01DH3","T","Tata Large & Mid Cap Fund Regular Plan - Payout of IDCW Option","Tata Mutual Fund",""
"INF277K01MI2","T","Tata Large & Mid Cap Fund Direct Plan - Payout of IDCW Option","Tata Mutual Fund",""
"INF277K01DY8","T","TATA Infrastructure Fund Regular Plan - Payout of IDCW Option","Tata Mutual Fund",""
"INF277K01PO3","T","Tata Infrastructure Fund- Direct Plan - Payout of IDCW Option","Tata Mutual Fund",""
"INF277K017A7","T","TATA India Pharma & Health Care Fund Regular Plan - Payout of Income Distribution cum capital withdrawal option","Tata Mutual Fund",""
"INF277K010B0","T","TATA India Pharma & Health Care Fund Direct Plan - Payout of Income Distribution cum capital withdrawal option","Tata Mutual Fund",""
"INF277K011A0","T","TATA India Consumer Fund Regular Plan - Payout of Income Distribution cum capital withdrawal option","Tata Mutual Fund",""
"INF277K014A4","T","TATA India Consumer Fund Direct Plan - Payout of Income Distribution cum capital withdrawal option","Tata Mutual Fund",""
"INF277K01DB6","T","Tata Hybrid Equity Fund- Regular Plan - Periodic Payout of IDCW Option","Tata Mutual Fund",""
"INF277K01CS2","T","Tata Hybrid Equity Fund- Regular Plan - Monthly Payout of IDCW Option","Tata Mutual Fund",""
"INF277K01ML6","T","Tata Hybrid Equity Fund- Direct Plan - Periodic Payout of IDCW Option","Tata Mutual Fund",""
"INF277K01MO0","T","Tata Hybrid Equity Fund- Direct Plan - Monthly Payout of IDCW Option","Tata Mutual Fund",""
"INF277K011L7","T","TATA Flexi Cap Fund Regular Plan - Payout of Income Distribution cum capital withdrawal option","Tata Mutual Fund",""
"INF277K017K6","T","TATA Flexi Cap Fund - Direct Plan - Payout of Income Distribution cum capital withdrawal option","Tata Mutual Fund",""
"INF277K01EH1","T","Tata Ethical Fund- Regular Plan - Payout of IDCW Option","Tata Mutual Fund",""
"INF277K01NE9","T","Tata Ethical Fund- Direct Plan - Payout of IDCW Option","Tata Mutual Fund",""
"INF277K01DJ9","T","Tata Equity P/E Fund Regular Plan - Payout of IDCW-Option B(10%)","Tata Mutual Fund",""
"INF277K01MZ6","T","Tata Equity P/E Fund- Direct Plan -Payout of IDCW-Option A(5%)","Tata Mutual Fund",""
"INF277K01NB5","T","Tata Equity P/E Fund- Direct Plan - Payout of IDCW -Option B(10%)","Tata Mutual Fund",""
"INF277K01DI1","T","Tata Equity P/E Fund - Regular Plan - Payout of IDCW-Option A(5%)","Tata Mutual Fund",""
"INF277K01Z51","T","TATA Digital India Fund Regular Plan - Payout of Income Distribution cum capital withdrawal option","Tata Mutual Fund",""
"INF277K01Z85","T","TATA Digital India Fund Direct Plan - Payout of Income Distribution cum capital withdrawal option","Tata Mutual Fund",""
"INF277K01Y94","T","TATA Banking & Financial Services Fund Regular Plan - Payout of Income Distribution cum capital withdrawal option","Tata Mutual Fund",""
"INF277K01Z28","T","TATA Banking & Financial Services Fund Direct Plan - Payout of Income Distribution cum capital withdrawal option","Tata Mutual Fund",""
"INF277K016Q5","T","TATA Arbitrage Fund Regular Plan - Monthly Payout of Income Distribution cum capital withdrawal option","Tata Mutual Fund",""
"INF277K018Q1","T","TATA Arbitrage Fund Direct Plan - Monthly Payout of Income Distribution cum capital withdrawal option","Tata Mutual Fund",""
"INF277K01I60","T","TATA INDIA TAX SAVINGS FUND-REGULAR PLAN-IDCW PAYOUT","Tata Mutual Fund",""
"INF277K01I52","T","TATA INDIA TAX SAVINGS FUND REGULAR PLAN GROWTH","Tata Mutual Fund",""
"INF277K01I94","T","TATA INDIA TAX SAVINGS FUND DIRECT PLAN IDCW PAYOUT","Tata Mutual Fund",""
"INF277K01I86","T","TATA INDIA TAX SAVINGS FUND DIRECT PLAN GROWTH","Tata Mutual Fund",""
"INF277K016S1","T","TATA ULTRA SHORT TERM FUND REGULAR PLAN GROWTH","Tata Mutual Fund",""
"INF277K011T0","T","TATA ULTRA SHORT TERM FUND DIRECT PLAN GROWTH","Tata Mutual Fund",""
"INF277K010T2","T","TATA ULTRA SHORT TERM FUND - REGULAR PLAN - WEEKLY IDCW PAYOUT","Tata Mutual Fund",""
"INF277K018S7","T","TATA ULTRA SHORT TERM FUND - REGULAR PLAN - MONTHLY IDCW PAYOUT","Tata Mutual Fund",""
"INF277K015T1","T","TATA ULTRA SHORT TERM FUND - DIRECT PLAN - WEEKLY IDCW PAYOUT","Tata Mutual Fund",""
"INF277K013T6","T","TATA ULTRA SHORT TERM FUND - DIRECT PLAN - MONTHLY IDCW PAYOUT","Tata Mutual Fund",""
"INF277K01MA9","T","TATA TREASURY ADVANTAGE FUND REGULAR PLAN GROWTH","Tata Mutual Fund",""
"INF277K01MB7","T","TATA TREASURY ADVANTAGE FUND REGULAR PLAN - WEEKLY IDCW REINVESTMENT","Tata Mutual Fund",""
"INF277K01MD3","T","TATA TREASURY ADVANTAGE FUND REGULAR PLAN - WEEKLY IDCW PAYOUT","Tata Mutual Fund",""
"INF277K01ME1","T","TATA TREASURY ADVANTAGE FUND REGULAR PLAN - PERIODIC IDCW REINVESTMENT","Tata Mutual Fund",""
"INF277K01LZ8","T","TATA TREASURY ADVANTAGE FUND REGULAR PLAN - DAILY IDCW REINVESTMENT","Tata Mutual Fund",""
"INF277K01OM0","T","TATA TREASURY ADVANTAGE FUND DIRECT PLAN- PERIODIC IDCW PAYOUT","Tata Mutual Fund",""
"INF277K01OK4","T","TATA TREASURY ADVANTAGE FUND DIRECT PLAN GROWTH","Tata Mutual Fund",""
"INF277K010C8","T","TATA TREASURY ADVANTAGE FUND DIRECT PLAN - WEEKLY IDCW PAYOUT","Tata Mutual Fund",""
"INF277K018B3","T","TATA TREASURY ADVANTAGE FUND DIRECT PLAN - DAILY IDCW REINVESTMENT","Tata Mutual Fund",""
"INF277K01972","T","TATA SHORT TERM BOND FUND REGULAR PLAN GROWTH","Tata Mutual Fund",""
"INF277K01P20","T","TATA SHORT TERM BOND FUND REGULAR PLAN - PERIODIC IDCW PAYOUT","Tata Mutual Fund",""
"INF277K01964","T","TATA SHORT TERM BOND FUND REGULAR PLAN - MONTHLY IDCW REINVESTMENT","Tata Mutual Fund",""
"INF277K01P46","T","TATA SHORT TERM BOND FUND DIRECT PLAN PERIODIC IDCW PAYOUT","Tata Mutual Fund",""
"INF277K01QR4","T","TATA SHORT TERM BOND FUND DIRECT PLAN GROWTH","Tata Mutual Fund",""
"INF277K01QQ6","T","TATA SHORT TERM BOND FUND DIRECT PLAN - MONTHLY IDCW PAYOUT","Tata Mutual Fund",""
"INF277K014C0","T","TATA MONEY MARKET REGULAR PLAN DAILY IDCW REINVESTMENT","Tata Mutual Fund",""
"INF277K01LQ7","T","TATA MONEY MARKET FUND REG PLAN GROWTH","Tata Mutual Fund",""
"INF277K01PR6","T","TATA MONEY MARKET FUND DIRECT PLAN GROWTH","Tata Mutual Fund",""
"INF277K011C6","T","TATA MONEY MARKET DIRECT PLAN - DAILY IDCW REINVESTMENT","Tata Mutual Fund",""
"INF277K01717","T","TATA MEDIUM TERM FUND REGULAR PLAN GROWTH","Tata Mutual Fund",""
"INF277K01709","T","TATA MEDIUM TERM FUND REGULAR PLAN - IDCW REINVESTMENT","Tata Mutual Fund",""
"INF277K01PH7","T","TATA MEDIUM TERM FUND DIRECT PLAN- IDCW PAYOUT","Tata Mutual Fund",""
"INF277K01PI5","T","TATA MEDIUM TERM FUND DIRECT PLAN GROWTH","Tata Mutual Fund",""
"INF277K01659","T","TATA INCOME FUND REGULAR PLAN GROWTH","Tata Mutual Fund",""
"INF277K01667","T","TATA INCOME FUND REGULAR PLAN - PERIODIC IDCW REINVESTMENT","Tata Mutual Fund",""
"INF277K01675","T","TATA INCOME FUND REGULAR PLAN - HALF YEARLY IDCW REINVESTMENT","Tata Mutual Fund",""
"INF277K01OY5","T","TATA INCOME FUND DIRECT PLAN GROWTH","Tata Mutual Fund",""
"INF277K01PD6","T","TATA INCOME FUND DIRECT PLAN - PERIODIC IDCW PAYOUT","Tata Mutual Fund",""
"INF277K01PB0","T","TATA INCOME FUND DIRECT PLAN - HALF YEARLY IDCW PAYOUT","Tata Mutual Fund",""
"INF277K01519","T","TATA GILT SECURITIES FUND REGULAR PLAN GROWTH","Tata Mutual Fund",""
"INF277K01535","T","TATA GILT SECURITIES FUND REGULAR PLAN - IDCW REINVESTMENT","Tata Mutual Fund",""
"INF277K01OX7","T","TATA GILT SECURITIES FUND DIRECT PLAN GROWTH","Tata Mutual Fund",""
"INF277K01OW9","T","TATA GILT SECURITIES FUND DIRECT PLAN - IDCW PAYOUT","Tata Mutual Fund",""
"INF277K01360","T","TATA DYNAMIC BOND FUND REGULAR PLAN GROWTH","Tata Mutual Fund",""
"INF277K01352","T","TATA DYNAMIC BOND FUND REGULAR PLAN - IDCW REINVESTMENT","Tata Mutual Fund",""
"INF277K01MV5","T","TATA DYNAMIC BOND FUND DIRECT PLAN GROWTH","Tata Mutual Fund",""
"INF277K01MU7","T","TATA DYNAMIC BOND FUND DIRECT PLAN - IDCW PAYOUT","Tata Mutual Fund",""
"INF277K011X2","T","TATA BANKING AND PSU DEBT FUND REGULAR PLAN GROWTH","Tata Mutual Fund",""
"INF277K015X3","T","TATA BANKING AND PSU DEBT FUND DIRECT PLAN GROWTH","Tata Mutual Fund",""
"INF277K012X0","T","TATA BANKING AND PSU DEBT FUND - REGULAR PLAN-IDCW PAYOUT","Tata Mutual Fund",""
"INF277K014X6","T","TATA BANKING AND PSU DEBT FUND - DIRECT PLAN-IDCW PAYOUT","Tata Mutual Fund",""
"INF277K01MC5","T","Tata Treasury Advantage Fund Regular Plan - Periodic Payout of IDCW Option","Tata Mutual Fund",""
"INF277K019B1","T","Tata Treasury Advantage Fund Direct Plan - Weekly Payout of IDCW Option","Tata Mutual Fund",""
"INF277K01OL2","T","Tata Treasury Advantage Fund Direct Plan - Periodic Payout of IDCW Option","Tata Mutual Fund",""
"INF277K01P12","T","Tata Short Term Bond Fund- Regular Plan - Periodic Payout of IDCW Option","Tata Mutual Fund",""
"INF277K01EI9","T","Tata Short Term Bond Fund- Regular Plan - Monthly Payout of IDCW Option","Tata Mutual Fund",""
"INF277K01P38","T","Tata Short Term Bond Fund- Direct Plan - Periodic Payout of IDCW Option","Tata Mutual Fund",""
"INF277K01QP8","T","Tata Short Term Bond Fund Direct Plan - Monthly Payout of IDCW Option","Tata Mutual Fund",""
"INF277K01QW4","T","Tata Young Citizens' Fund-Direct Plan-Growth Option","Tata Mutual Fund",""
"INF277K01AJ5","T","Tata Young Citizens' Fund -Regular Plan-Growth Option","Tata Mutual Fund",""
"INF277K013B4","T","TATA Resources & Energy Fund Regular Plan - Payout of Income Distribution cum capital withdrawal option","Tata Mutual Fund",""
"INF277K016B7","T","TATA Resources & Energy Fund Direct Plan - Payout of Income Distribution cum capital withdrawal option","Tata Mutual Fund",""
"INF277K010X4","T","Tata Nifty Private Bank Exchange Traded Fund","Tata Mutual Fund",""
"INF277K015R5","T","Tata Nifty Exchange Traded Fund","Tata Mutual Fund",""
"INF277K01DW2","T","Tata Medium Term Fund- Regular Plan - Payout of IDCW option","Tata Mutual Fund",""
"INF277K01PG9","T","Tata Medium Term Fund- Direct Plan - Payout of IDCW Option","Tata Mutual Fund",""
"INF277K01DU6","T","Tata Income Fund-Regular Plan - Half Yearly Payout of IDCW Option","Tata Mutual Fund",""
"INF277K01DT8","T","Tata Income Fund- Regular Plan - Periodic Payout of IDCW Option","Tata Mutual Fund",""
"INF277K01PC8","T","TATA Income Fund Direct Plan - Periodic Payout of Income Distribution cum capital withdrawal option","Tata Mutual Fund",""
"INF277K01DN1","T","Tata Gilt Securities Fund - Regular Plan - Payout of IDCW Option","Tata Mutual Fund",""
"INF277K01OV1","T","Tata Gilt Securities Fund - Direct Plan - Payout of IDCW Option","Tata Mutual Fund",""
"INF277K01QK9","T","Tata Equity Savings Fund-Direct Plan - Periodic Payout of IDCWS Option","Tata Mutual Fund",""
"INF277K01QI3","T","Tata Equity Savings Fund-Direct Plan - Monthly Payout of IDCW Option","Tata Mutual Fund",""
"INF277K01EE8","T","TATA Equity Savings Fund- Regular Plan -Monthly Payout of IDCW option","Tata Mutual Fund",""
"INF277K01EF5","T","Tata Equity Savings Fund- Regular Plan - Periodic Payout of IDCW Option","Tata Mutual Fund",""
"INF277K01DE0","T","Tata Dynamic Bond Fund- Regular Plan - Payout of IDCW Option","Tata Mutual Fund",""
"INF277K01MT9","T","Tata Dynamic Bond- Direct Plan - Payout of IDCW Option","Tata Mutual Fund",""
"INF277K019W7","T","Tata Medium Term Fund- Segregated Portfolio 1 Direct Plan - Payout of IDCW option","Tata Mutual Fund",""
"INF277K017W1","T","Tata Corporate Bond Fund Segregated Portfolio 1  Direct Plan - Monthly Payout of Income Distribution cum capital withdrawal option","Tata Mutual Fund",""
"INF277K016W3","T","Tata Corporate Bond Fund Segregated Portfolio 1  Direct Plan - Weekly Payout of Income Distribution cum capital withdrawal option","Tata Mutual Fund",""
"INF277K014W8","T","Tata Corporate Bond Fund Segregated Portfolio 1  Regular Plan - Weekly Payout of  Income Distribution cum capital withdrawal option","Tata Mutual Fund",""
"INF277K013U4","T","Tata Treasury Advantage Fund Segregated Portfolio 1 Regular Plan - Weekly Payout","Tata Mutual Fund",""
"INF277K012W2","T","Tata Treasury Advantage Fund-Dir Div-W SP 1","Tata Mutual Fund",""
"INF277K014U2","T","Tata Treasury Advantage Fund Segregated Portfolio 1 Regular Plan - Periodic Payout of IDCW Option","Tata Mutual Fund",""
"INF277K017U5","T","Tata Treasury Advantage Fund Segregated Portfolio 1 Direct Plan - Weekly Payout of IDCW Option","Tata Mutual Fund",""
"INF277K018U3","T","Tata Treasury Advantage Fund Segregated Portfolio 1 Direct Plan - Periodic Payout of IDCW Option","Tata Mutual Fund",""
"INF277K016U7","T","Tata Treasury Advantage Fund Segregated Portfolio 1 Direct Plan - Daily Payout of IDCWOption","Tata Mutual Fund",""
"INF277K015U9","T","Tata Treasury Advantage Fund- Direct Plan -Growth Option (Segregated Portfolio 1)","Tata Mutual Fund",""
"INF277K018V1","T","Tata Medium Term Fund- Segregated Portfolio 1 Regular Plan - Payout of IDCW Option","Tata Mutual Fund",""
"INF277K017V3","T","Tata Medium Term Fund -Regular Plan - Growth (Segregated Portfolio 1)","Tata Mutual Fund",""
"INF277K019V9","T","Tata Medium Term Fund -Direct Plan -Growth (Segregated Portfolio 1)","Tata Mutual Fund",""
"INF277K014V0","T","Tata Corporate Bond Fund Segregated Portfolio 1  Direct Plan - Daily Payout of Income Distribution cum capital withdrawal option","Tata Mutual Fund",""
"INF277K019U1","T","Tata Corporate Bond Fund -Regular Plan-Growth(Segregated Portfolio 1)","Tata Mutual Fund",""
"INF277K013V2","T","Tata Corporate Bond Fund - Direct Plan -Growth (Segregated Portfolio 1)","Tata Mutual Fund",""
"INF277K012V4","T","Tata Corporate Bond Fund Segregated Portfolio 1  Regular Plan - Monthly Payout of Income Distribution cum capital withdrawal option","Tata Mutual Fund",""
"INF277K012U6","T","Tata Treasury Advantage Fund Segregated Portfolio 1 Regular Plan - Weekly Payout of IDCW Option","Tata Mutual Fund",""
"INF277K011W4","T","Tata Corporate Bond Fund Segregated Portfolio 1  Regular Plan - Daily Payout of  Income Distribution cum capital withdrawal option","Tata Mutual Fund",""
"INF277K011U8","T","Tata Treasury Advantage Fund Segregated Portfolio 1 Regular Plan - Daily Payout of IDCW Option","Tata Mutual Fund",""
"INF277K010V8","T","Tata Corporate Bond Fund Segregated Portfolio 1  Regular Plan","Tata Mutual Fund",""
"INF277K010U0","T","Tata Treasury Advantage Fund-Regular Plan - Growth Option","Tata Mutual Fund",""
"INF277K010A2","T","TATA INDIA CONSUMER FUND REGULAR PLAN GROWTH","Tata Mutual Fund",""
